text-small,f-m-20,f-m-20 2,
"06 Mar 2025
					18:50:14",Laporan Bulanan Registrasi Pemegang Efek [],ACES,Laporan Bulanan Registrasi Pemegang Efek ACES menunjukkan penurunan pemegang saham sebanyak 964 pemegang
"03 Mar 2025
					16:10:11",Penyampaian Laporan Keuangan Tahunan [],ADMR,"Laporan keuangan ADMR menunjukkan pendapatan sebesar $1,15 Miliar dan laba tahun berjalan sebesar $434,77 Juta dan kenaikan total aset sebesar $370 Miliar"
"03 Mar 2025
					21:23:18",News Release Kinerja Keuangan dan Laporan Operasional [],ADMR,"ADMR melakukan news release mengenai kinerja keuangan dan laporan operasional yang dilakukan pada tahun sebelumnya yang mencapai target yang dituju dan mencatatkan penghasilan, insiden dan penghargaan yang didapatkan"
"03 Mar 2025
					21:29:00",Penyampaian Informasi Pemenuhan Kewajiban Public Expose - Tahunan [],ADMR,"ADMR menyampaikan informasi tentang pemenuhan kewajiban public expose yang disampaikan mencakup progres, infrastruktur, kewajiban dan tanggung jawab sosial."
"07 Mar 2025
					18:12:59",Laporan Bulanan Registrasi Pemegang Efek [],ADMR,"Laporan Bulanan Registrasi Pemegang Efek ADMR menunjukkan kenaikan kepemilikan saham oleh pengendali sebesar 0,166% serta penurunan jumlah saham free float sebesar 0,27% dan kenaikan jumlah kepemilikan saham sebanyak 964 pemegang"
"27 Mar 2025
					19:20:37",Pemberitahuan Rencana Rapat Umum Pemegang Saham Tahunan [],ADMR,ADMR memberitahukan rencana RUPS Tahunan yang akan dilakukan dua bulan mendatang secara fisik
"04 Mar 2025
					18:30:42",Penyampaian Laporan Keuangan Tahunan [],ADRO,"Laporan keuangan ADRO menunjukkan pendapatan sebesar $2,08 Miliar dan laba bersih sebesar $1,56 Miliar dengan total aset sebesar $6,70 miliar dan jumlah ekuitas $5,37 miliar"
"04 Mar 2025
					18:55:47",Penyampaian Informasi Pemenuhan Kewajiban Public Expose - Tahunan [],ADRO,"ADRO menyampaikan informasi tentang pemenuhan kewajiban public expose yang disampaikan mencakup ringkasan operasional, progres, penggunaan sumber daya terbarukan, dan keberlanjutan"
"04 Mar 2025
					20:36:08",News Release Kinerja Keuangan dan Laporan Operasional FY24 [],ADRO,"ADMR melakukan news release mengenai kinerja keuangan dan laporan operasional yang dilakukan pada tahun sebelumnya yang berfokus pada keunggulan operasional, pengendalian biaya, pendapatan dan energi terbarukan"
"09 Mar 2025
					09:17:36",Laporan Bulanan Registrasi Pemegang Efek [],ADRO,"Laporan Bulanan Registrasi Pemegang Efek ADRO menunjukkan penurunan pemegang saham Scripless dan kenaikan saham treasury sebesar 0,249%, penurunan jumlah saham free float sebesar 0,24% dan penurunan jumlah pemegang saham sejumlah 2.123 pemegang"
"10 Mar 2025
					11:32:45",Laporan Bulanan Registrasi Pemegang Efek [],AKRA,"Laporan Bulanan Registrasi Pemegang Efek AKRA menunjukkan kenaikan kepemilikan saham oleh pengendali sebesar 0,07% dan komisaris pengendali sebesar 0,14% serta penurunan jumlah saham free float sebesar 0,21% dan penurunan jumlah kepemilikan saham sebanyak 474 pemegang"
"19 Mar 2025
					01:10:59",Penyampaian Laporan Keuangan Tahunan [],AKRA,"Laporan keuangan AKRA menunjukkan penjualan dan pendapatan usaha sebesar Rp38,73 triliun dengan total aset meningkat menjadi Rp33,11 triliun"
"21 Mar 2025
					14:41:09",Pemberitahuan Rencana Rapat Umum Pemegang Saham Tahunan [],AKRA,AKRA memberitahukan rencana RUPS Tahunan yang akan dilakukan di bulan mendatang secara fisik
"21 Mar 2025
					15:42:10",Laporan Kepemilikan atau Setiap Perubahan Kepemilikan Saham Perusahaan Terbuka [],AKRA,"AKRA melaporkan perubahan kepemilikan saham oleh direksi yang membeli sejumlah 0,005% saham untuk investasi "
"21 Mar 2025
					15:42:39",Laporan Kepemilikan atau Setiap Perubahan Kepemilikan Saham Perusahaan Terbuka [],AKRA,"AKRA melaporkan perubahan kepemilikan saham oleh direksi yang membeli sejumlah 0,004% saham untuk investasi "
"21 Mar 2025
					17:56:34",Penyampaian Bukti Iklan Pemberitahuan RUPS [],AKRA,"AKRA menyampaikan bukti iklan pemberitahuan RUPS yang dilakukan melalui media situs web Bursa Efek Indonesia, situs web KSEI dan situs web perseroan"
"26 Mar 2025
					17:17:24",Laporan Kepemilikan atau Setiap Perubahan Kepemilikan Saham Perusahaan Terbuka [],AKRA,"AKRA melaporkan perubahan kepemilikan saham oleh komisaris pengendali yang membeli sejumlah 0,0147% saham untuk investasi "
"28 Mar 2025
					10:03:47",Laporan Kepemilikan atau Setiap Perubahan Kepemilikan Saham Perusahaan Terbuka [],AKRA,"AKRA melaporkan perubahan kepemilikan saham oleh komisaris pengendali yang membeli sejumlah 0,007% saham untuk investasi "
"10 Mar 2025
					14:48:07",Laporan Bulanan Registrasi Pemegang Efek [],AMMN,Laporan Bulanan Registrasi Pemegang Efek AMMN menunjukkan kenaikan pemegang saham sebanyak 1.752 pemegang
"20 Mar 2025
					14:28:26",Penyampaian Laporan Keuangan Tahunan [],AMMN,"Laporan keuangan tahunan AMMN menunjukkan pendapatan sebesar $2,66 Miliar serta kenaikan laba bersih berjalan yang mencapai $636,9 Juta"
"20 Mar 2025
					14:40:21",Hasil Kinerja Tahunan AMMAN [],AMMN,"AMMN memberitahukan hasil kinerja tahunan pada tahun lalu yang mencakup kenaikan angka produksi emas, tembaga dan semen serta kenaikan penjualan sebesar 31% dari tahun sebelumnya"
"20 Mar 2025
					15:56:38",Penyampaian Informasi Pemenuhan Kewajiban Public Expose - Tahunan [],AMMN,"AMMN menyampaikan informasi tentang pemenuhan kewajiban public expose yang disampaikan mencakup ringkasan operasional, proyek ekspansi dan kondisi keuangan"
"06 Mar 2025
					14:55:48",Laporan Bulanan Registrasi Pemegang Efek [],AMRT,"Laporan Bulanan Registrasi Pemegang Efek ADRO menunjukkan penurunan  jumlah saham free float sebesar 0,06% dan kenaikan jumlah pemegang saham sejumlah 4.543 pemegang"
"21 Mar 2025
					13:26:06",Penyampaian Laporan Keuangan Tahunan [],AMRT,"Laporan keuangan AMRT menunjukkan pertumbuhan penjualan sebesar 10,55% menjadi Rp118,23 triliun, didukung oleh peningkatan total aset hingga mencapai Rp38,80 triliun dan penurunan laba bersih sebesar 7,58% menjadi Rp3,22 triliun"
"27 Mar 2025
					15:56:44",Laporan Kepemilikan Saham [],AMRT,AMRT melaporkan perubahan kepemilikan saham oleh pengendali yang menjual sejumlah 3% saham atas alasan divestasi
"27 Mar 2025
					17:05:24",Laporan Kepemilikan atau Setiap Perubahan Kepemilikan Saham Perusahaan Terbuka [],AMRT,"AMRT melaporkan perubahan kepemilikan saham oleh komisaris yang membeli sejumlah 0,0012% saham untuk investasi "
"27 Mar 2025
					17:16:29",Laporan Kepemilikan atau Setiap Perubahan Kepemilikan Saham Perusahaan Terbuka [],AMRT,"AMRT melaporkan perubahan kepemilikan saham oleh komisaris yang menjual sejumlah 0,0176% saham atas alasan divestasi"
"27 Mar 2025
					21:13:10",Laporan Kepemilikan atau Setiap Perubahan Kepemilikan Saham Perusahaan Terbuka [],AMRT,AMRT melaporkan perubahan kepemilikan saham oleh pengendali yang menjual sejumlah 3% saham atas alasan divestasi
"10 Mar 2025
					09:54:11","Spesial Ramadan dan Idulfitri, ANTAM Hadirkan Emas Masjid Damaskus []",ANTM,ANTM Merilis Emas Tematik dengan tema khusus untuk menyambut bulan Ramadan dan Idulfitri
"10 Mar 2025
					09:54:11",Laporan Bulanan Registrasi Pemegang Efek [],ANTM,Laporan Bulanan Registrasi Pemegang Efek ANTM menunjukkan penurunan pemegang saham sebanyak 11.032 pemegang
"19 Mar 2025
					15:31:43","Permudah Akses Investasi Emas Masyarakat, ANTAM Hadirkan Aplikasi Mobile Logam Mulia []",ANTM,ANTM merilis aplikasi Mobile Logam Mulia untuk mempermudah akses masyarakat untuk melakukan investasi emas
"20 Mar 2025
					16:27:24",Penjelasan atas Pemberitaan Media Massa [],ANTM,"ANTM memberikan klarifikasi atas klaim 1,1 Ton emas dan masih menunggu keputusan MA untuk kepastian hukum."
"28 Mar 2025
					14:51:04","Idulfitri, ANTAM Gelar Mudik Gratis Bersama Kementerian BUMN dan Kementerian ESDM []",ANTM,ANTM menghadirkan program mudik gratis bersama Kementerian BUMN dan Kementerian ESDM untuk 495 peserta
"07 Mar 2025
					21:40:46",Laporan Bulanan Registrasi Pemegang Efek [],ARTO,Laporan Bulanan Registrasi Pemegang Efek ARTO menunjukkan kenaikan pemegang saham sebanyak 293 pemegang
"19 Mar 2025
					20:50:29",Perubahan Komite Audit [],ARTO,ARTO melaporkan perubahan komite audit pada ketua komite 
"19 Mar 2025
					21:14:13",Perubahan Pengurus [],ARTO,ARTO melaporkan perubahan pada kepengurusan pada bagian anggota komisaris independen
"19 Mar 2025
					21:21:41",Perubahan anggota Direksi dan/atau anggota Dewan Komisaris [],ARTO,ARTO melaporkan perubahan pada anggota direksi atau dewan komisaris dengan mengangkat komisaris independen baru
"21 Mar 2025
					13:41:04",Siaran Pers [],ARTO,ARTO melaporkan kegiatan siaran pers yang dilakukan untuk membahas kinerja tahun sebelumnya
"21 Mar 2025
					14:26:05",Penyampaian Laporan Keuangan Tahunan [],ARTO,"Laporan keuangan ARTO menunjukkan kinerja positif dengan kenaikan laba bersih sebesar 77,6% menjadi Rp128,52 miliar dan kenaikan total aset perseroan tumbuh menjadi Rp28,54 triliun"
"27 Mar 2025
					12:50:32",Penambahan Modal Tanpa HMETD Program ESOP/MSOP [],ARTO,ARTO melaporkan penambahan modal tanpa memberikan HMETD pada program ESOP/MSOP
"27 Mar 2025
					15:55:28",Pemberitahuan Rencana Rapat Umum Pemegang Saham Tahunan [],ARTO,ARTO memberitahukan rencana RUPS Tahunan yang akan dilakukan dalam dua bulan mendatang secara fisik
"27 Mar 2025
					15:56:19",Penyampaian Bukti Iklan Pemberitahuan RUPS [],ARTO,ARTO menyampaikan bukti iklan pemberitahuan RUPS melalui media situs web perseroan dan situs web Bursa Efek Indonesia
"07 Mar 2025
					18:13:52",Laporan Bulanan Registrasi Pemegang Efek [],ASII,Laporan Bulanan Registrasi Pemegang Efek ASII menunjukkan kenaikan pemegang saham sebanyak 1.604 pemegang
"27 Mar 2025
					10:30:10",Pemberitahuan Rencana Rapat Umum Pemegang Saham Tahunan [],ASII,ASII memberitahukan rencana RUPS Tahunan yang akan dilakukan dalam dua bulan mendatang secara fisik
"27 Mar 2025
					11:28:06",Pengunduran Diri Anggota Dewan Komisaris dan Direksi Perseroan [],ASII,ASII melaporkan pengunduran diri anggota komisaris independen 
"05 Mar 2025
					20:00:26",Laporan Hasil Pemeringkatan Pemeringkatan Tahunan [],BBCA,BBCA memaparkan hasil pemeringkatan pemeringkatan tahunan di tahun ini yang dinilai stabil
"05 Mar 2025
					20:00:26",Laporan Bulanan Registrasi Pemegang Efek [],BBCA,Laporan Bulanan Registrasi Pemegang Efek BBCA menunjukkan penurunan minor jumlah saham free float dan kenaikan jumlah pemegang saham sebanyak 29.633 pemegang
"14 Mar 2025
					13:14:30",Ringkasan Risalah Rapat Umum Para Pemegang Saham Tahunan [],BBCA,"BBCA memberikan ringkasan risalah RUPS Tahunan yang mencakup persetujuan laporan tahunan, laporan keuangan tahunan, persetujuan penggunaan laba bersih, perubahan susunan anggota dewan komisaris dan direksi perseroan, penetapan gaji atau honorarium anggota dewan komisaris dan direksi perseroan, penunjukan kantor akuntan publik, pemberian kuasa dan wewenang kepada direksi  untuk membayar dividen interim / sementara dan persetujuan atas perubahan recovery plan perseroan"
"14 Mar 2025
					13:47:46",Keterbukaan Informasi terkait Aksi Korporasi - Dividen Tunai [],BBCA,BBCA memberitahukan informasi mengenai pembayaran dividen tahun sebelumnya dengan nominal Rp 250 per saham
"17 Mar 2025
					15:37:15",Penyampaian Bukti Iklan Hasil RUPS [],BBCA,"BBCA menyampaikan bukti iklan hasil RUPS yang dilakukan melalui media situs web KSEI, situs web Bursa Efek Indonesia dan situs web perseroan"
"19 Mar 2025
					17:43:33",Laporan Kepemilikan atau Setiap Perubahan Kepemilikan Saham Perusahaan Terbuka [],BBCA,BBCA melaporkan perubahan kepemilikan saham oleh direksi yang membeli sejumlah 400.777 saham untuk investasi jangka panjang
"19 Mar 2025
					17:45:06",Laporan Kepemilikan atau Setiap Perubahan Kepemilikan Saham Perusahaan Terbuka [],BBCA,BBCA melaporkan perubahan kepemilikan saham oleh direksi yang membeli sejumlah 318.416 saham untuk investasi jangka panjang
"19 Mar 2025
					17:46:26",Laporan Kepemilikan atau Setiap Perubahan Kepemilikan Saham Perusahaan Terbuka [],BBCA,BBCA melaporkan perubahan kepemilikan saham oleh direksi yang membeli sejumlah 100.000 saham untuk investasi
"19 Mar 2025
					17:49:11",Laporan Kepemilikan atau Setiap Perubahan Kepemilikan Saham Perusahaan Terbuka [],BBCA,BBCA melaporkan perubahan kepemilikan saham oleh direksi yang membeli sejumlah 118.500 saham untuk investasi jangka panjang
"19 Mar 2025
					17:51:41",Laporan Kepemilikan atau Setiap Perubahan Kepemilikan Saham Perusahaan Terbuka [],BBCA,BBCA melaporkan perubahan kepemilikan saham oleh direksi yang membeli sejumlah 358.162 saham untuk investasi jangka panjang
"19 Mar 2025
					17:53:25",Laporan Kepemilikan atau Setiap Perubahan Kepemilikan Saham Perusahaan Terbuka [],BBCA,BBCA melaporkan perubahan kepemilikan saham oleh direksi yang membeli sejumlah 281.279 saham untuk investasi jangka panjang
"19 Mar 2025
					17:55:42",Laporan Kepemilikan atau Setiap Perubahan Kepemilikan Saham Perusahaan Terbuka [],BBCA,BBCA melaporkan perubahan kepemilikan saham oleh direksi yang membeli sejumlah 1.031.359 saham untuk investasi jangka panjang
"19 Mar 2025
					17:58:07",Laporan Kepemilikan atau Setiap Perubahan Kepemilikan Saham Perusahaan Terbuka [],BBCA,BBCA melaporkan perubahan kepemilikan saham oleh direksi yang membeli sejumlah 232.377 saham untuk investasi jangka panjang
"20 Mar 2025
					17:26:48",Laporan Kepemilikan atau Setiap Perubahan Kepemilikan Saham Perusahaan Terbuka [],BBCA,BBCA melaporkan perubahan kepemilikan saham oleh direksi yang membeli sejumlah 458.872 saham untuk investasi jangka panjang
"20 Mar 2025
					17:31:52",Laporan Kepemilikan atau Setiap Perubahan Kepemilikan Saham Perusahaan Terbuka [],BBCA,BBCA melaporkan perubahan kepemilikan saham oleh direksi yang membeli sejumlah 523.584 saham untuk investasi jangka panjang
"20 Mar 2025
					17:31:52",Laporan Kepemilikan atau Setiap Perubahan Kepemilikan Saham Perusahaan Terbuka [],BBCA,BBCA melaporkan perubahan kepemilikan saham oleh direksi yang membeli sejumlah 273.558 saham untuk investasi jangka panjang
"20 Mar 2025
					17:33:36",Laporan Kepemilikan atau Setiap Perubahan Kepemilikan Saham Perusahaan Terbuka [],BBCA,BBCA melaporkan perubahan kepemilikan saham oleh direksi yang membeli sejumlah 553.735 saham untuk investasi jangka panjang
"20 Mar 2025
					17:39:08",Laporan Kepemilikan atau Setiap Perubahan Kepemilikan Saham Perusahaan Terbuka [],BBCA,BBCA melaporkan perubahan kepemilikan saham oleh direksi yang membeli sejumlah 336.432 saham untuk investasi jangka panjang
"20 Mar 2025
					17:40:36",Laporan Kepemilikan atau Setiap Perubahan Kepemilikan Saham Perusahaan Terbuka [],BBCA,BBCA melaporkan perubahan kepemilikan saham oleh direksi yang membeli sejumlah 178.327 saham untuk investasi jangka panjang
"20 Mar 2025
					17:43:55",Laporan Kepemilikan atau Setiap Perubahan Kepemilikan Saham Perusahaan Terbuka [],BBCA,BBCA melaporkan perubahan kepemilikan saham oleh direksi yang membeli sejumlah 291.942 saham untuk investasi jangka panjang
"20 Mar 2025
					17:46:40",Laporan Kepemilikan atau Setiap Perubahan Kepemilikan Saham Perusahaan Terbuka [],BBCA,BBCA melaporkan perubahan kepemilikan saham oleh direksi yang membeli sejumlah 586.000 saham untuk investasi
"20 Mar 2025
					17:49:29",Laporan Kepemilikan atau Setiap Perubahan Kepemilikan Saham Perusahaan Terbuka [],BBCA,BBCA melaporkan perubahan kepemilikan saham oleh direksi yang membeli sejumlah 389.300 saham untuk investasi
"20 Mar 2025
					17:50:51",Laporan Kepemilikan atau Setiap Perubahan Kepemilikan Saham Perusahaan Terbuka [],BBCA,BBCA melaporkan perubahan kepemilikan saham oleh direksi yang membeli sejumlah 30.000 saham untuk investasi 
"25 Mar 2025
					17:29:25",Rencana Pembelian Kembali Saham dalam Kondisi Pasar yang Berfluktuasi secara Signifikan [],BBCA,BBCA membagikan rencana pembelian kembali saham dalam kondisi pasar yang fluktuatif dengan nilai maksimal Rp 1 Triliun
"04 Mar 2025
					16:30:41",Pemanggilan Rapat Umum Pemegang Saham Tahunan [],BBNI,"BBNI mengumumkan pemanggilan RUPS Tahunan yang akan dilakukan pada akhir bulan untuk membahas persetujuan laporan tahunan dan keuangan, persetujuan penggunaan laba bersih, penetapan gaji dan honorarium untuk direksi dan dewan  komisaris perseroan, penetapan kantor akuntan publik, persetujuan atas rencana pembelian kembali saham, perubahan anggaran dasar perseroan dan perubahan susunan pengurus perseroan"
"04 Mar 2025
					19:47:53",Penyampaian Bukti Iklan Panggilan RUPS [],BBNI,"BBNI menyampaikan bukti iklan panggilan RUPS melalui media situs web Bursa Efek Indonesia, situs web perseroan dan situs web KSEI"
"06 Mar 2025
					19:41:16",Laporan Bulanan Registrasi Pemegang Efek [],BBNI,Laporan Bulanan Registrasi Pemegang Efek BBNI menunjukkan kenaikan pemegang saham sebanyak 1.387 pemegang
"06 Mar 2025
					19:42:13",Laporan Kepemilikan atau Setiap Perubahan Kepemilikan Saham Perusahaan Terbuka [],BBNI,BBNI melaporkan perubahan kepemilikan saham oleh direksi yang membeli sejumlah 288.300 saham untuk investasi 
"06 Mar 2025
					19:42:54",Laporan Kepemilikan atau Setiap Perubahan Kepemilikan Saham Perusahaan Terbuka [],BBNI,BBNI melaporkan perubahan kepemilikan saham oleh direksi yang membeli sejumlah 186.200 saham untuk investasi 
"12 Mar 2025
					15:41:36",Laporan Hasil Pemeringkatan Pemeringkatan Tahunan [],BBNI,BBNI memaparkan hasil pemeringkatan pemeringkatan tahunan di tahun ini yang dinilai stabil
"24 Mar 2025
					10:07:46",Pengalihan kepemilikan Saham Seri B dan Seri C Perseroan milik Negara Republik Indonesia  [],BBNI,BBNI menginformasikan pengalihan kepemilikan saham Seri B dan Seri C perseroan milik Negara Republik Indonesia
"25 Mar 2025
					08:25:53",Pengangkatan anggota Direksi Perseroan sebagai anggota Direksi PT Bank Rakyat Indonesia (Persero) Tbk [],BBNI,BBNI melaporkan pengangkatan anggota direksi perseroan sebagai anggota direksi PT Bank Rakyat Indonesia (Persero) Tbk 
"27 Mar 2025
					19:41:53",Ringkasan Risalah Rapat Umum Para Pemegang Saham Tahunan [],BBNI,"BBNI memberikan ringkasan risalah RUPS Tahunan yang membahas persetujuan laporan tahunan dan keuangan, persetujuan penggunaan laba bersih, penetapan gaji dan honorarium untuk direksi dan dewan  komisaris perseroan, penetapan kantor akuntan publik, persetujuan atas rencana pembelian kembali saham, perubahan anggaran dasar perseroan dan perubahan susunan pengurus perseroan"
"27 Mar 2025
					20:06:23",Penyampaian Bukti Iklan Hasil RUPS [],BBNI,"BBNI menyampaikan bukti iklan panggilan RUPS melalui media cetak Bursa Efek Indonesia, perseroan dan KSEI"
"27 Mar 2025
					20:19:09",Keterbukaan Informasi terkait Aksi Korporasi - Dividen Tunai [],BBNI,BBNI memberitahukan informasi mengenai pembayaran dividen tahun sebelumnya dengan nominal Rp 374 per saham
"04 Mar 2025
					15:49:31",Penyampaian Bukti Iklan Penambahan Informasi atas Keterbukaan Informasi Rencana Pembelian Kembali Saham yang Dikeluarkan oleh Perseroan dan Pengalihan Saham Hasil Pembelian Kembali [],BBRI,BBRI menyampaikan bukti iklan penambahan informasi mengenai rencana pembelian kembali saham melalui media situs web perseroan dan situs web Bursa Efek Indonesia
"04 Mar 2025
					15:51:25",Penyampaian Bukti Iklan Panggilan RUPS [],BBRI,BBRI menyampaikan bukti iklan pemanggilan RUPS melalui media situs web KSEI
"04 Mar 2025
					20:04:50",Penjelasan atas Permintaan Penjelasan Bursa [],BBRI,BBRI memberikan klarifikasi mengenai kerugian nilai aset pada bulan-bulan sebelumnya dan dampaknya serta penjelasan tren penurunan harga saham seiring waktu
"06 Mar 2025
					19:04:00",Laporan Kepemilikan atau Setiap Perubahan Kepemilikan Saham Perusahaan Terbuka [],BBRI,BBRI melaporkan perubahan kepemilikan saham oleh direksi yang membeli sejumlah 212.800 saham untuk investasi 
"10 Mar 2025
					18:42:06",Perubahan Struktur Pemegang Saham [],BBRI,Laporan Perubahan Struktur Pemegang Saham BBRI menunjukkan kenaikan pemegang saham sebanyak 21.047 pemegang
"21 Mar 2025
					18:03:14",Transaksi Afiliasi [],BBRI,BBRI melaporkan transaksi afiliasi dengan PT Sang Hyang Seri dengan objek transaksi berupa Tanah milik PT Sang Hyang Seri seluas 43.822 m2 senilai Rp687.407.734.463
"21 Mar 2025
					18:05:33",Transaksi Afiliasi [],BBRI,BBRI melaporkan transaksi afiliasi dengan PT Perusahaan Perdagangan Indonesia dengan objek transaksi berupa Tanah seluas 2.773 m2 milik PT Perusahaan senilai Rp67.820.000.000
"24 Mar 2025
					09:32:46",Pengalihan Kepemilikan Saham Seri B Perseroan Milik Negara Republik Indonesia [],BBRI,BBNI menginformasikan pengalihan kepemilikan saham Seri B perseroan milik Negara Republik Indonesia
"25 Mar 2025
					23:49:22",Ringkasan Risalah Rapat Umum Para Pemegang Saham Tahunan [],BBRI,"BBRI memberikan ringkasan risalah RUPS Tahunan yang membahas persetujuan laporan tahunan dan keuangan, persetujuan penggunaan laba bersih, penetapan gaji dan honorarium untuk direksi dan dewan  komisaris perseroan, penetapan kantor akuntan publik, laporan realisasi penggunaan dana obligasi berwawasan lingkungan berkelanjutan, persetujuan pengkinian recovery plan, persetujuan atas rencana pembelian kembali saham, perubahan anggaran perseroan dan perubahan susunan pengurus perseroan"
"26 Mar 2025
					19:23:00",Perubahan anggota Direksi dan/atau anggota Dewan Komisaris  [],BBRI,BBRI melaporkan perubahan anggota direksi atau dewan komisaris yang masih menunggu persetujuan dari OJK
"26 Mar 2025
					22:41:45",Keterbukaan Informasi terkait Aksi Korporasi - Dividen Tunai [],BBRI,"BBRI memberitahukan informasi mengenai pembayaran dividen tahun sebelumnya dengan nominal Rp 208,4 per saham"
"27 Mar 2025
					15:40:01",Jatuh Tempo Obligasi / Sukuk Korporasi [],BBRI,BBRI mengeluarkan pengumuman jatuh tempo obligasi / sukuk korporasi tahun sebelumnya
"27 Mar 2025
					20:05:01",Penyampaian Bukti Iklan Hasil RUPS [],BBRI,"BBRI menyampaikan bukti iklan hasil RUPS yang dilakukan melalui media situs web perseroan, situs web Bursa Efek Indonesia dan situs web KSEI"
"04 Mar 2025
					16:49:17",Pemanggilan Rapat Umum Pemegang Saham Tahunan [],BBTN,"BBTN menyampaikan pemanggilan RUPS Tahunan yang akan membahas persetujuan laporan tahunan dan keuangan, persetujuan penggunaan laba bersih, penetapan gaji dan honorarium untuk direksi dan dewan komisaris perseroan, penetapan kantor akuntan publik, persetujuan usulan jumlah plafon hapus tagih, persetujuan rancangan restrukturisasi dalam rangka pemekaran usaha bisnis syariah perseroan, persetujuan pengambilalihan saham PT Bank Victoria Syariah oleh perseroan dan perubahan susunan pengurus perseroan"
"04 Mar 2025
					20:21:04",Penyampaian Laporan Tahunan [],BBTN,"Laporan tahunan BBTN mengulas strategi pengelolaan sumber daya manusia Bank BTN dalam mewujudkan visi ""One of Home of Indonesia's Best Talent"" melalui penguatan rekrutmen, pengembangan kompetensi berbasis ADDIE/10:20:70, serta penerapan Global Grading System"
"04 Mar 2025
					21:43:17",Penyampaian Laporan Keberlanjutan dan ESG [],BBTN,"Laporan Keberlanjutan dan ESG BBTN memaparkan konsumsi sumber daya, emisi, komitmen menuju zero-emission, upaya pengurangan emisi dan kinerja sosialnya"
"04 Mar 2025
					22:02:22",Penyampaian Bukti Iklan Panggilan RUPS [],BBTN,"BBTN menyampaikan bukti iklan panggilan RUPS melalui media situs web KSEI, situs web Bursa Efek Indonesia dan situs web perseroan"
"05 Mar 2025
					18:55:05",Laporan Bulanan Registrasi Pemegang Efek [],BBTN,Laporan Bulanan Registrasi Pemegang Efek BBTN menunjukkan kenaikan pemegang saham sebanyak 1.474 pemegang
"21 Mar 2025
					19:37:08",Transaksi Afiliasi [],BBTN,BBTN melaporkan transaksi afiliasi dengan PT Brantas Abipraya dengan objek transaksi berupa Jasa Kontraktor Pekerjaan Pembangunan senilai Rp100.500.000.000
"24 Mar 2025
					09:19:08",Pengalihan kepemilikan Saham Seri B Perseroan [],BBTN,BBTN melaporkan pengalihan kepemilikan saham Seri B perseroan 
"25 Mar 2025
					09:14:19",Perubahan anggota Direksi dan/atau anggota Dewan Komisaris [],BBTN,BBTN melaporkan perubahan anggota direksi / dewan komisaris seiring pengangkatan direktur operasi baru
"27 Mar 2025
					22:20:25",Ringkasan Risalah Rapat Umum Para Pemegang Saham Tahunan [],BBTN,"BBTN memberikan ringkasan risalah RUPS Tahunan yang membahas persetujuan laporan tahunan dan keuangan, persetujuan penggunaan laba bersih, penetapan gaji dan honorarium untuk direksi dan dewan komisaris perseroan, penetapan kantor akuntan publik, persetujuan usulan jumlah plafon hapus tagih, persetujuan rancangan restrukturisasi dalam rangka pemekaran usaha bisnis syariah perseroan, persetujuan pengambilalihan saham PT Bank Victoria Syariah oleh perseroan dan perubahan susunan pengurus perseroan"
"27 Mar 2025
					22:23:04",Penjelasan atas Permintaan Penjelasan Bursa [],BBTN,"BBTN memberikan klarifikasi terhadap pengalihan kepemilikan saham perseroan Negara Republik Indonesia kepada PT Biro Klasifikasi Indonesia, dampak yang dibawa dan rencana jangka panjang"
"28 Mar 2025
					17:03:36",Keterbukaan Informasi terkait Aksi Korporasi - Dividen Tunai [],BBTN,"BBTN memberitahukan informasi mengenai pembayaran dividen tahun sebelumnya dengan nominal Rp 53,5 per saham"
"03 Mar 2025
					16:46:42",Penyampaian Laporan Tahunan [],BMRI,"Laporan tahunan BMRI menunjukkan tata kelola selama tahun terakhir, rencana untuk tahun ini, kinerja komite dan dewan komisaris, serta laporan keuangan "
"03 Mar 2025
					17:17:28",Pemanggilan Rapat Umum Pemegang Saham Tahunan [],BMRI,"BMRI menyampaikan pemanggilan RUPS Tahunan yang akan membahas persetujuan laporan tahunan dan keuangan, persetujuan penggunaan laba bersih, penetapan gaji dan honorarium untuk direksi dan dewan komisaris perseroan, penetapan kantor akuntan publik, persetujuan atas pengkinian rencana aksi perseroan, persetujuan atas perubahan anggaran dasar perseroan, persetujuan atas pembelian kembali saham perseroan, dan perubahan susunan pengurus perseroan"
"03 Mar 2025
					20:22:23",Penyampaian Laporan Keberlanjutan dan ESG [],BMRI,"Laporan keberlanjutan dan ESG BMRI memaparkan konsumsi sumber daya, emisi, komitmen kepada zero emission dan usaha pengurangan gas rumah kaca"
"04 Mar 2025
					11:41:40",Penyampaian Bukti Iklan Panggilan RUPS [],BMRI,"BMRI menyampaikan bukti iklan panggilan RUPS melalui media situs web perseroan, situs web Bursa Efek Indonesia, dan situs web KSEI"
"04 Mar 2025
					16:30:38",Penyampaian Prospektus [],BMRI,BMRI menyampaikan prospektus seiring dengan penawaran umum perdana
"04 Mar 2025
					16:52:22",Penyampaian Bukti Iklan Informasi Tambahan Ringkas [],BMRI,BMRI menyampaikan bukti iklan informasi tambahan melalui media situs web perseroan dan situs web bursa
"10 Mar 2025
					08:55:13",Laporan Bulanan Registrasi Pemegang Efek [],BMRI,"Laporan Bulanan Registrasi Pemegang Efek BMRI menunjukkan kenaikan kepemilikan saham oleh beberapa anggot direksi sebesar 0,0011% dan penurunan jumlah saham free float sebesar 0,06% serta kenaikan jumlah pemegang saham sebanyak 30.914 pemegang"
"20 Mar 2025
					22:57:01","Pengkinian atas Keterbukaan Informasi Sehubungan dengan Rencana Pembelian Kembali Saham (""Buyback"") dan Pengalihan Saham hasil Buyback []",BMRI,BMRI menginformasikan pengkinian keterbukaan informasi rencana pembelian kembali saham dengan nilai maksimal Rp1.170.000.000.000
"24 Mar 2025
					09:41:19",Pengalihan kepemilikan Saham Seri B Perseroan milik Negara Republik Indonesia kepada PT Biro Klasifikasi Indonesia (Persero) (BKI) [],BMRI,BMRI mengumumkan pengalihan 48.533.333.333 saham Seri B Perseroan milik Negara Republik Indonesia kepada PT Biro Klasifikasi Indonesia
"25 Mar 2025
					08:45:37",Penerbitan Surat Utang [],BMRI,BMRI mengumumkan penerbitan surat utang senilai USD800.000.000 untuk keperluan umum perseroan
"25 Mar 2025
					20:49:58",Pengumuman Bursa Pencatatan Awal Obligasi dan Sukuk [],BMRI,Bursa mengumumkan pencatatan Obligasi Berwawasan Lingkungan Berkelanjutan I pihak BMRI
"26 Mar 2025
					20:54:58",Ringkasan Risalah Rapat Umum Para Pemegang Saham Tahunan [],BMRI,"BMRI memberikan ringkasan risalah RUPS Tahunan yang akan membahas persetujuan laporan tahunan dan keuangan, persetujuan penggunaan laba bersih, penetapan gaji dan honorarium untuk direksi dan dewan komisaris perseroan, penetapan kantor akuntan publik, persetujuan atas pengkinian rencana aksi perseroan, persetujuan atas perubahan anggaran dasar perseroan, persetujuan atas pembelian kembali saham perseroan, dan perubahan susunan pengurus perseroan"
"27 Mar 2025
					12:10:55",Keterbukaan Informasi terkait Aksi Korporasi - Dividen Tunai [],BMRI,"BMRI memberitahukan informasi mengenai pembayaran dividen tahun sebelumnya dengan nominal Rp 466,18 per saham"
"27 Mar 2025
					15:23:49",Penyampaian Bukti Iklan Hasil RUPS [],BMRI,"BMRI menyampaikan bukti iklan hasil RUPS melalui media situs web perseroan, situs web Bursa Efek Indonesia, KSEI"
"07 Mar 2025
					14:37:04",Laporan Bulanan Registrasi Pemegang Efek [],BRIS,"Laporan Bulanan Registrasi Pemegang Efek BRIS menunjukkan kenaikan jumlah saham free float sebesar 0,06% dan penurunan jumlah pemegang saham sebanyak 5.959 pemegang"
"18 Mar 2025
					15:07:10",Laporan Kepemilikan atau Setiap Perubahan Kepemilikan Saham Perusahaan Terbuka [],BRIS,BRIS melaporkan perubahan kepemilikan saham oleh direksi yang membeli sejumlah 20.000 saham untuk investasi 
"24 Mar 2025
					20:09:29",Laporan Kepemilikan atau Setiap Perubahan Kepemilikan Saham Perusahaan Terbuka [],BRIS,BRIS melaporkan perubahan kepemilikan saham oleh direksi yang membeli sejumlah 30.000 saham untuk investasi 
"25 Mar 2025
					09:40:52",Penyampaian Laporan Keuangan Tahunan [],BRIS,"Laporan Keuangan Tahunan BRIS menunjukkan kinerja keuangan yang solid sepanjang tahun sebelumnya dengan laba bersih sebesar Rp7,01 triliun, tumbuh dari Rp5,70 triliun pada tahun sebelumnya. Pertumbuhan kinerja ini didukung oleh peningkatan total aset menjadi Rp408,61 triliun serta pendapatan pengelolaan dana sebagai mudharib yang mencapai Rp25,30 triliun."
"25 Mar 2025
					17:26:06",Pengunduran Diri Anggota Direksi Perseroan [],BRIS,BRIS melaporkan pengunduran diri anggota direksi perseroan yaitu direktur utama dan direktur IT 
"26 Mar 2025
					17:27:27",Pengunduran Diri Anggota Direksi Perseroan [],BRIS,BRIS melaporkan pengunduran diri anggota direksi perseroan yaitu direktur treasury & international banking  
"04 Mar 2025
					18:17:00",Laporan Kepemilikan atau Setiap Perubahan Kepemilikan Saham Perusahaan Terbuka [],BRPT,BRPT melaporkan perubahan kepemilikan saham oleh pengendali yang membeli sejumlah 11.000.000 saham untuk investasi 
"06 Mar 2025
					16:00:31",Informasi Pelunasan Efek [],BRPT,BRPT menginformasikan pelunasan efek Obligasi Berkelanjutan I Seri B dan Obligasi Berkelanjutan II Seri A
"10 Mar 2025
					14:55:33",Laporan Bulanan Registrasi Pemegang Efek [],BRPT,"Laporan Bulanan Registrasi Pemegang Efek menunjukkan kenaikan kepemilikan saham oleh komisaris pengendali sebesar 0,04%, penurunan jumlah saham free float sebesar 0,04% dan kenaikan jumlah pemegang saham sebanyak 1.859 pemegang"
"17 Mar 2025
					07:17:46",Penyampaian Laporan Keuangan Tahunan [],BRPT,Laporan Keuangan Tahunan BRPT menunjukkan penjualan dan pendapatan usaha sebesar USD 2.386.995 ribu dengan total laba bersih sebesar USD 122.896 ribu serta total aset perseroan tercatat mencapai USD 10.532.564 ribu.
"21 Mar 2025
					15:31:47",KETERBUKAAN INFORMASI  TERKAIT DENGAN RENCANA PT BARITO PACIFIC TBK  UNTUK MELAKUKAN PEMBELIAN KEMBALI SAHAM BUYBACK [],BRPT,BRPT menyampaikan keterbukaan informasi terkait pembelian kembali saham dengan batas Rp500.000.000.000 
"27 Mar 2025
					15:46:39",Jatuh Tempo Obligasi / Sukuk Korporasi [],BRPT,Pengumuman mengenai jatuh tempo Obligasi Berkelanjutan II dan Obligasi Berkelanjutan I milik BRPT
"06 Mar 2025
					10:38:52",Laporan Bulanan Registrasi Pemegang Efek [],CPIN,Laporan Bulanan Registrasi Pemegang Efek CPIN menunjukkan kenaikan  pemegang saham sebanyak 38 pemegang
"18 Mar 2025
					21:13:18",Penyampaian Laporan Keuangan Tahunan [],CPIN,"Laporan Keuangan Tahunan CPIN menunjukkan laba bersih CPIN naik drastis dari Rp2,31 triliun jadi Rp3,71 triliun di tahun sebelumnya. Posisi liabilitas turun dari Rp13,94 triliun ke Rp12,50 triliun, sementara posisi kas akhir tahun melonjak dua kali lipat"
"18 Mar 2025
					21:23:00",Penyampaian Informasi Pemenuhan Kewajiban Public Expose - Tahunan (KOREKSI) [],CPIN,CPIN menyampaikan informasi pemenuhan kewajiban public expose tahunan yang berisi rekap kinerja tahun sebelumnya dan rencana untuk tahun ini
"10 Mar 2025
					12:53:56",Laporan Bulanan Registrasi Pemegang Efek [],CTRA,Laporan Bulanan Registrasi Pemegang Efek CTRA menunjukkan kenaikan pemegang saham sebanyak 1.789 pemegang
"27 Mar 2025
					19:29:20",Penyampaian Laporan Keuangan Tahunan [],CTRA,"Laporan Keuangan Tahunan CTRA menunjukkan kenaikan penjualan dan pendapatan usaha menjadi sebesar Rp11,19 triliun dan  laba bersih yang dapat diatribusikan kepada entitas induk Rp2,13 triliun "
"03 Mar 2025
					17:19:00",Pemberitahuan Rencana Rapat Umum Pemegang Saham Tahunan [],ESSA,ESSA memberitahukan rencana RUPS Tahunan yang akan dilaksanakan di bulan mendatang pada lokasi yang belum ditentukan
"05 Mar 2025
					10:20:36",Penyampaian Bukti Iklan Pemberitahuan RUPS [],ESSA,"ESSA menyampaikan bukti iklan pemberitahuan RUPS Tahunan melalui media situs web perseroan, situs web Bursa Efek Indonesia dan situs web KSEI"
"05 Mar 2025
					10:40:18",Laporan Bulanan Registrasi Pemegang Efek [],ESSA,"Laporan Bulanan Registrasi Pemegang Efek ESSA menunjukkan kenaikan kepemilikan pemegang saham >5% dari pihak luar sebesar 4,2% dan penurunan jumlah saham free float sebesar 3,93% dan penurunan jumlah pemegang saham sebanyak 928 pemegang"
"17 Mar 2025
					17:21:48",Pemberitahuan Perubahan Jadwal Rapat Umum Pemegang Saham Tahunan [],ESSA,ESSA memberitahukan perubahan jadwal RUPS Tahunan yang akan diundur selama satu minggu
"25 Mar 2025
					17:28:49",Penyampaian Laporan Tahunan & Keberlanjutan dan ESG [],ESSA,"Laporan keberlanjutan dan ESG ESSA memaparkan konsumsi sumber daya, emisi, komitmen kepada zero emission dan usaha pengurangan gas rumah kaca serta lingkungan kerja pegawai"
"25 Mar 2025
					17:39:58",Pemanggilan Rapat Umum Pemegang Saham Tahunan [],ESSA,"ESSA mengumumkan pemanggilan RUPS Tahunan yang membahas persetujuan laporan tahunan dan laporan keuangan tahunan, persetujuan penunjukan kantor akuntan publik, pemberian wewenang dan kuasa kepada dewan komisaris untuk menetapkan gaji atau honorarium kepada anggota komisaris dan direksi, persetujuan penggunaan laba bersih, dan perubahan susunan dewan komisaris serta pemberhentian dan pengangkatan kembali anggota direksi dan dewan komisaris"
"03 Mar 2025
					18:06:56",Pemanggilan Rapat Umum Pemegang Saham Tahunan [],EXCL,"EXCL melakukan pemanggilan RUPS Tahunan yang membahas persetujuan laporan tahunan, persetujuan penggunaan laba bersih, penunjukan kantor akuntan publik, penetapan remunerasi bagi anggota direksi dan dewan komisaris, dan perubahan susunan direksi"
"03 Mar 2025
					18:10:06",Pemanggilan Rapat Umum Pemegang Saham Luar Biasa [],EXCL,"EXCL melakukan pemanggilan RUPSLB yang membahas persetujuan penggabungan usaha antara Perseroan, SF dan ST, persetujuan perubahan anggaran dasar Perseroan sebagai akibat dari Penggabungan Usaha, termasuk perubahan nama Perseroan menjadi PT XLSmart Telecom Sejahtera Tbk, persetujuan atas akta penggabungan usaha dan penandatanganannya oleh Perseroan, persetujuan atas perubahan susunan dewan komisaris dan direksi Perseroan sebagai akibat dari Penggabungan Usaha, persetujuan pembelian kembali saham Perseroan dari pemegang saham yang tidak setuju dengan penggabungan usaha, persetujuan pembelian saham SF oleh Perseroan dari pemegang saham SF yang tidak setuju dengan penggabungan dan perubahan pengendali perseroan"
"03 Mar 2025
					18:15:38",Informasi Ijarah Fee [],EXCL,"EXCL menginformasikan pembayaran ijarah fee Sukuk Ijarah Berkelanjutan III Seri A, B, C , dan D "
"03 Mar 2025
					18:17:58",Informasi Kupon [],EXCL,"EXCL menginformasikan pembayaran kupon Obligasi Berkelanjutan II Seri A, B, C , dan D "
"03 Mar 2025
					21:12:47",Penyampaian Laporan Tahunan [],EXCL,"Laporan Tahunan EXCL memaparkan aktivitas bisnis, rekap kinerja, laporan manajemen, Human Capital Development, struktur organisasi, penghargaan dan pencapaian yang didapatkan dalam tahun sebelumnya"
"03 Mar 2025
					21:14:21",Penyampaian Laporan Keberlanjutan dan ESG [],EXCL,"Laporan Keberlanjutan dan ESG EXCL memaparkan konsumsi sumber daya, emisi, komitmen kepada zero emission dan usaha pengurangan gas rumah kaca serta lingkungan kerja pegawai"
"04 Mar 2025
					22:13:01",Penjelasan atas Permintaan Penjelasan Bursa [],EXCL,"EXCL memberikan klarifikasi atas keberatan sebuah vendor, rencana pembelian kembali saham dan persetujuan merger"
"05 Mar 2025
					15:52:45",Penyampaian Bukti Iklan Hasil Rapat Umum Pemegang Sukuk Ijarah atas Sukuk Ijarah Berkelanjutan III PT XL Axiata Tahap I [],EXCL,EXCL menyampaikan bukti iklan hasil RUPSU melalui media cetak Media Indonesia
"05 Mar 2025
					15:54:54",Penyampaian Bukti Iklan Hasil Rapat Umum Pemegang Sukuk Ijarah atas Sukuk Ijarah Berkelanjutan I XL Axiata Tahap II [],EXCL,EXCL menyampaikan bukti iklan hasil RUPSU melalui media cetak Media Indonesia
"05 Mar 2025
					15:56:38",Pemberitahuan Hasil RUPSU PT XL Axiata Tbk [],EXCL,EXCL memberitahukan hasil RUPSU yang membahas persetujuan perubahan Perjanjian Perwaliamanatan Sukuk Ijarah Berkelanjutan I 
"05 Mar 2025
					15:59:04",Pemberitahuan Hasil RUPSU PT XL Axiata Tbk [],EXCL,EXCL memberitahukan hasil RUPSU yang membahas persetujuan perubahan Perjanjian Perwaliamanatan Sukuk Ijarah Berkelanjutan III
"10 Mar 2025
					17:37:41",Laporan Bulanan Registrasi Pemegang Efek [],EXCL,Laporan Bulanan Registrasi Pemegang Efek EXCL menunjukkan penurunan pemegang saham sebanyak 863 pemegang
"10 Mar 2025
					18:06:38",Penyampaian Bukti Iklan Pengumuman RUPO atas Obligasi Berkelanjutan II XL Axiata Tahap I [],EXCL,EXCL menyampaikan bukti iklan hasil RUPO melalui media cetak Media Indonesia
"10 Mar 2025
					18:07:45",Pemberitahuan Rencana RUPO PT XL Axiata Tbk [],EXCL,EXCL memberitahukan rencana RUPO Obligasi Berkelanjutan II yang akan dilaksanakan di bulan mendatang
"11 Mar 2025
					16:17:10",Rencana Penyelenggaraan Public Expose - Tahunan [],EXCL,EXCL memaparkan rencana penyelenggaraan public expose tahunan yang akan dilakukan dalam 2 minggu mendatang
"17 Mar 2025
					23:37:14",Pemberitahuan Hasil RUPSU PT XL Axiata Tbk [],EXCL,EXCL memberitahukan hasil RUPSU yang membahas persetujuan perubahan Perjanjian Perwaliamanatan Sukuk Ijarah Berkelanjutan II
"17 Mar 2025
					23:38:09",Pemberitahuan Hasil RUPO PT XL Axiata Tbk [],EXCL,EXCL memberitahukan hasil RUPO yang membahas persetujuan perubahan Perjanjian Perwaliamanatan Obligasi Berkelanjutan I
"17 Mar 2025
					23:39:55",Penyampaian Bukti Iklan Hasil Rapat Umum Pemegang Sukuk Ijarah atas Sukuk Ijarah Berkelanjutan II XL Axiata Tahap II [],EXCL,EXCL menyampaikan bukti iklan hasil RUPSU melalui media cetak Media Indonesia
"17 Mar 2025
					23:41:00",Penyampaian Bukti Iklan Hasil RUPO atas Obligasi Berkelanjutan I XL Axiata Tahap II [],EXCL,EXCL menyampaikan bukti iklan hasil RUPO melalui media cetak Media Indonesia
"17 Mar 2025
					23:41:46",Penyampaian Bukti Iklan Hasil RUPSI atas Sukuk Ijarah Berkelanjutan II XL Axiata Tahap I [],EXCL,EXCL menyampaikan bukti iklan hasil RUPSI melalui media cetak Media Indonesia
"17 Mar 2025
					23:47:42",Penyampaian Bukti Iklan Hasil RUPO atas Obligasi Berkelanjutan I XL Axiata Tahap I [],EXCL,EXCL menyampaikan bukti iklan hasil RUPO melalui media cetak Media Indonesia
"20 Mar 2025
					16:50:49",Penyampaian Materi Public Expose - Tahunan [],EXCL,"EXCL menyampaikan materi public expose tahunannya yang berisikan pencapaian, kinerja keuangan, dan penghargaannya selama tahun sebelumnya"
"21 Mar 2025
					12:12:43",Penyampaian Bukti Iklan Informasi rencana penggabungan usaha (Merger) [],EXCL,EXCL menyampaikan bukti iklan rencana merger yang akan dilakukan melalui media cetak Media Indonesia dan Investor Daily
"21 Mar 2025
					16:51:26",Informasi Tambahan Ringkasan Rancangan Penggabungan Usaha [],EXCL,"EXCL memberikan informasi tambahan mengenai rencana merger dengan PT Smartfren Telecom Tbk dan PT Smart Telecom yang memaparkan latar belakang merger, proses merger, perkiraan jadwal, struktur pasca merger, strategi usaha dan informasi tambahan lainnya"
"25 Mar 2025
					18:21:17",Penyampaian Bukti Iklan Penyampaian Bukti Iklan Pemanggilan RUPO atas Obligasi Berkelanjutan II XL Axiata Tahap I [],EXCL,EXCL menyampaikan bukti iklan hasil RUPO melalui media cetak Media Indonesia
"25 Mar 2025
					18:21:55",Pemberitahuan Panggilan RUPO PT XL Axiata Tbk [],EXCL,EXCL melakukan pemanggilan RUPO yang membahas persetujuan perubahan Perjanjian Perwaliamanatan Obligasi Berkelanjutan II 
"25 Mar 2025
					21:00:15",Ringkasan Risalah Rapat Umum Para Pemegang Saham Tahunan [],EXCL,"EXCL memberikan ringkasan risalah RUPS Tahunan yang membahas persetujuan laporan tahunan, persetujuan penggunaan laba bersih, penunjukan kantor akuntan publik, penetapan remunerasi bagi anggota direksi dan dewan komisaris, dan perubahan susunan direksi"
"25 Mar 2025
					21:01:27",Ringkasan Risalah Rapat Umum Para Pemegang Saham Luar Biasa [],EXCL,"EXCL memberikan ringkasan risalah RUPSLB yang membahas persetujuan penggabungan usaha antara Perseroan, SF dan ST, persetujuan perubahan anggaran dasar Perseroan sebagai akibat dari Penggabungan Usaha, termasuk perubahan nama Perseroan menjadi PT XLSmart Telecom Sejahtera Tbk, persetujuan atas akta penggabungan usaha dan penandatanganannya oleh Perseroan, persetujuan atas perubahan susunan dewan komisaris dan direksi Perseroan sebagai akibat dari Penggabungan Usaha, persetujuan pembelian kembali saham Perseroan dari pemegang saham yang tidak setuju dengan penggabungan usaha, persetujuan pembelian saham SF oleh Perseroan dari pemegang saham SF yang tidak setuju dengan penggabungan dan perubahan pengendali perseroan"
"25 Mar 2025
					22:37:32",Keterbukaan Informasi terkait Aksi Korporasi - Dividen Tunai [],EXCL,"EXCL memberitahukan informasi mengenai pembayaran dividen tahun sebelumnya dengan nominal Rp85,7 per saham"
"26 Mar 2025
					16:21:55",Rencana Pembelian Kembali Saham dari Pemegang Saham Perseroan dalam rangka Kegiatan Aksi Korporasi [],EXCL,EXCL menginformasikan rencana pembelian kembali saham bagi pemegang yang tidak menyetujui merger yang direncanakan
"27 Mar 2025
					16:43:30",Laporan Hasil Public Expose - Tahunan [],EXCL,"EXCL melaporkan hasil dari public expose tahunan yang banyak membahas tentang merger yang akan dilakukan, kinerja tahunan dan strategi untuk masa depan"
"07 Mar 2025
					16:35:43",Laporan Bulanan Registrasi Pemegang Efek [],GOTO,"Laporan Bulanan Registrasi Pemegang Efek GOTO menunjukkan penurunan jumlah pemegang saham Scripless dan kenaikan jumlah saham treasury sebesar 0,17% dan penurunan sekitar 2 Juta saham free float serta kenaikan jumlah pemegang saham sebanyak 1.212 pemegang"
"12 Mar 2025
					16:46:04",Penyampaian Laporan Keuangan Tahunan [],GOTO,"Laporan Keuangan Tahunan GOTO menunjukkan pendapatan sebesar Rp15,89 triliun dan pemangkasan rugi bersih menjadi Rp5,46 triliun serta menjaga posisi likuiditas dengan total aset mencapai Rp43,21 triliun serta saldo kas dan setara kas sebesar Rp19,18 triliun"
"12 Mar 2025
					19:54:59",Penyampaian Informasi Pemenuhan Kewajiban Public Expose - Tahunan [],GOTO,"GOTO menyampaikan informasi pemenuhan kewajiban public expose yang berisikan tinjauan kinerja, tinjauan keuangan dan operasioanl serta rencana rekonsiliasi Non-PSAK"
"19 Mar 2025
					08:02:47",Tanggapan atas Berita Media Massa [],GOTO,GOTO memberikan penjelasan atas berita yang beredar mengenai spekulasi transaksi antar perseroan dengan pihak Grab
"10 Mar 2025
					17:15:37",Laporan Bulanan Registrasi Pemegang Efek [],ICBP,Laporan Bulanan Registrasi Pemegang Efek ICBP menunjukkan penurunan pemegang saham sebanyak 236 pemegang
"25 Mar 2025
					15:58:02",Penyampaian Laporan Keuangan Tahunan [],ICBP,"Laporan Keuangan Tahunan ICBP menunjukkan penjualan sebesar Rp72,60 triliun dengan laba tahun berjalan sebesar Rp8,81 triliun dengan total aset mencapai Rp126,04 triliun dan ekuitas sebesar Rp67,04 triliun"
"25 Mar 2025
					16:28:43",Penyampaian Siaran Pers Kinerja Keuangan PT Indofood CBP Sukses Makmur Tbk untuk Tahun Lalu[],ICBP,ICBP menyampaikan siaran pers mengenai kinerja keuangan tahun sebelumnya
"25 Mar 2025
					16:35:06",Penyampaian Informasi Pemenuhan Kewajiban Public Expose - Tahunan [],ICBP,"ICBP menyampaikan informasi pemenuhan kewajiban public expose yang berisikan ringkasan kinerja, tanggung jawab sosial dan lingkungan perusahaan, serta kinerja keuangan"
"06 Mar 2025
					10:14:53",Laporan Bulanan Registrasi Pemegang Efek [],INCO,Laporan Bulanan Registrasi Pemegang Efek INCO menunjukkan kenaikan pemegang saham sebanyak 26 pemegang
"11 Mar 2025
					18:06:02",Laporan Kepemilikan atau Setiap Perubahan Kepemilikan Saham Perusahaan Terbuka [],INCO,INCO melaporkan perubahan kepemilikan saham direksi yang membeli 70.000 saham untuk alasan investasi
"20 Mar 2025
					16:24:46",Laporan Kepemilikan atau Setiap Perubahan Kepemilikan Saham Perusahaan Terbuka [],INCO,INCO melaporkan perubahan kepemilikan saham direksi yang membeli 85.000 saham untuk alasan investasi
"24 Mar 2025
					19:40:49",Informasi atau Fakta Material lainnya [],INCO,INCO menginformasikan mengenai pemberitaan publik seorang Presiden Direktur perseroan yang diangkat menjadi Direktur Managing BPI Danantara
"26 Mar 2025
					17:15:20","Pengambilalihan Saham oleh GEM Hong Kong International Co., Ltd (GEM) di PT Bahodopi Nickel Smelting Indonesia (BNSI)   []",INCO,"INCO melaporkan pengambilalihan saham oleh GEM Hong Kong International Co., Ltd sebesar 1.000.104 saham "
"10 Mar 2025
					16:44:31",Laporan Bulanan Registrasi Pemegang Efek [],INDF,Laporan Bulanan Registrasi Pemegang Efek INDF menunjukkan penurunan pemegang saham sebanyak 894 pemegang
"18 Mar 2025
					08:36:46",Perubahan anggota Direksi dan/atau anggota Dewan Komisaris [],INDF,INDF melaporkan perubahan anggota direksi atau dewan komisaris yaitu pengunduran diri seorang anggota komisaris independen
"25 Mar 2025
					15:58:09",Penyampaian Laporan Keuangan Tahunan [],INDF,"Laporan Keuangan Tahunan INDF menunjukkan kenaikan penjualan sebesar Rp115,78 triliun dan laba bersih sebesar Rp13,08 triliun pada. Total aset perusahaan juga mengalami peningkatan menjadi Rp201,71 triliun"
"25 Mar 2025
					16:25:54",Penyampaian Siaran Pers Kinerja Keuangan PT Indofood Sukses Makmur Tbk untuk Tahun Lalu [],INDF,INDF menyampaikan siaran pers kinerja keuangan tahun sebelumnya 
"25 Mar 2025
					16:30:25",Penyampaian Informasi Pemenuhan Kewajiban Public Expose - Tahunan [],INDF,"INDF menyampaikan informasi pemenuhan kewajiban public expose yang berisikan ringkasan kinerja, tanggung jawab sosial dan lingkungan perusahaan, serta kinerja keuangan"
"04 Mar 2025
					14:14:38",Penjelasan atas Volatilitas Transaksi [],INKP,INKP memberikan penjelasan atas volatilitas transaksi yang menyatakan bahwa perseroan tidak mengetahui penyebab volatilitas yang terjadi dan melaporkan rencana aksi korporasi berupa penerbitan efek bersifat utang dan sukuk 
"05 Mar 2025
					10:27:31",Laporan Bulanan Registrasi Pemegang Efek [],INKP,Laporan Bulanan Registrasi Pemegang Efek INKP menunjukkan penurunan pemegang saham sebanyak 294 pemegang
"06 Mar 2025
					15:31:44",Penerbitan SKS Pengganti Karena Hilang PT Indah Kiat Pulp & Paper Tbk [],INKP,INKP menerbitkan SKS pengganti untuk saham yang hilang sebanyak 438 saham
"10 Mar 2025
					09:35:51","Informasi Tambahan Ringkas serta Perubahan dan/atau Tambahan Informasi dalam rangka Penawaran Umum Berkelanjutan Obligasi Berkelanjutan V Indah Kiat Pulp & Paper Tahap III, Sukuk Mudharabah Berkelanjutan IV Indah Kiat Pulp & Paper Tahap III dan Obligasi USD Berkelanjutan II Indah Kiat Pulp & Paper Tahap II []",INKP,"INKP memberikan tambahan informasi dalam rangka penawaran umum Obligasi Berkelanjutan V, Sukuk Mudharabah Berkelanjutan IV dan Obligasi USD Berkelanjutan II"
"11 Mar 2025
					15:11:25",Transaksi Afiliasi [],INKP,INKP melaporkan transaksi afiliasi dengan PT Cakrawala Mega Indah dengan objek transaksi berupa Perjanjian Sewa Menyewa senilai Rp1.050.781.500
"12 Mar 2025
					16:35:54",Pengumuman Bursa Pencatatan Awal Obligasi dan Sukuk [],INKP,Bursa mengumumkan pencatatan awal obligasi dan sukuk INKP 
"13 Mar 2025
					15:29:50",Laporan Hasil Pemeringkatan Pemeringkatan Tahunan [],INKP,INKP memaparkan hasil pemeringkatan pemeringkatan tahunan di tahun ini yang dinilai positif
"20 Mar 2025
					18:11:33",Transaksi Afiliasi [],INKP,INKP melaporkan transaksi afiliasi anak perusahaan tidak langsung IK Investment (BVI) Limited dengan Titan Investment (BVI) Limited dengan objek transaksi berupa 1.000 lembar saham dengan nilai USD1.000
"25 Mar 2025
					16:54:46",Penutupan perusahaan anak milik Perseroan.  [],INKP,"INKP melaporkan penutupan perusahaan anak milik perusahaan yaitu Indah Kiat Finance (IV) Mauritius Limited, Indah Kiat Finance (VIII) Mauritius Limited dan Indah Kiat Finance Mauritius Limited"
"27 Mar 2025
					21:45:55",Penyampaian Laporan Keuangan Tahunan [],INKP,"Laporan Keuangan Tahunan INKP menunjukkan penjualan sebesar USD3,19 miliar laba bersih yang dapat diatribusikan kepada pemilik entitas induk sebesar USD424,31 juta dan total aset perusahaan mengalami pertumbuhan hingga mencapai USD11,78 miliar"
"27 Mar 2025
					22:06:23",Penyampaian Informasi Pemenuhan Kewajiban Public Expose - Tahunan [],INKP,"INKP menyampaikan informasi pemenuhan kewajiban public expose yang berisikan kondisi operasional dan keuangan, penjualan dan produksi"
"10 Mar 2025
					13:32:40",Laporan Bulanan Registrasi Pemegang Efek [],ISAT,"Laporan Bulanan Registrasi Pemegang Efek ISAT menunjukkan kenaikan jumlah pemegang saham Scripless sebesar 0,0036% dan kenaikan jumlah pemegang saham sebanyak 4.008 pemegang"
"27 Mar 2025
					21:09:04",Laporan Kepemilikan atau Setiap Perubahan Kepemilikan Saham Perusahaan Terbuka [],ISAT,ISAT melaporkan perubahan kepemilikan saham direksi yang membeli sejumlah 3.671.800 saham untuk investasi jangka panjang
"10 Mar 2025
					17:41:41",Laporan Bulanan Registrasi Pemegang Efek [],ITMG,Laporan Bulanan Registrasi Pemegang Efek ITMG menunjukkan kenaikan pemegang saham sebanyak 518 pemegang
"10 Mar 2025
					23:37:43",Penyampaian Laporan Tahunan & Keberlanjutan dan ESG [],ITMG,"Laporan Keberlanjutan & ESG ITMG memaparkan konsumsi sumber daya, emisi, komitmen kepada zero emission dan usaha pengurangan gas rumah kaca serta lingkungan kerja pegawai"
"11 Mar 2025
					15:26:23",Pemanggilan Rapat Umum Pemegang Saham Tahunan [],ITMG,"ITMG menyampaikan pemanggilan RUPS Tahunan yang membahas persetujuan atas laporan tahunan dan laporan keuangan, persetujuan penggunaan laba bersih, penunjukan kantor akuntan publik, penetapan remunerasi bagi anggota dewan komisaris dan direksi serta persetujuan perubahan susunan direksi dan dewan komisaris"
"03 Mar 2025
					16:36:09",Penyampaian Bukti Iklan Informasi Laporan Keuangan Tahunan [],JPFA,JPFA menyampaikan bukti iklan informasi laporan keuangan melalui media cetak Kontan
"04 Mar 2025
					16:37:21",Pemberitahuan Rencana Rapat Umum Pemegang Saham Tahunan dan Luar Biasa [],JPFA,JPFA memberitahukan rencana RUPS Tahunan dan RUPSLB yang akan dilakukan pada bulan mendatang
"04 Mar 2025
					16:49:14",Penyampaian Bukti Iklan Pemberitahuan RUPS [],JPFA,JPFA menyampaikan bukti iklan RUPS melalui media web perseroan
"04 Mar 2025
					16:53:32",Keterbukaan Informasi [],JPFA,JPFA menyampaikan keterbukaan informasi tentang rencana pembelian kembali saham dengan nilai maksimal Rp470.000.000.000
"10 Mar 2025
					16:54:09",Laporan Bulanan Registrasi Pemegang Efek [],JPFA,Laporan Bulanan Registrasi Pemegang Efek JPFA menunjukkan kenaikan pemegang saham sebanyak 29 pemegang
"19 Mar 2025
					18:43:10",Pemanggilan Rapat Umum Pemegang Saham Tahunan dan Luar Biasa [],JPFA,"JPFA melakukan pemanggilan RUPS Tahunan yang membahas persetujuan atas laporan tahunan dan laporan keuangan, persetujuan penggunaan laba bersih, penunjukan kantor akuntan publik, perubahan susunan direksi, perubahan susunan dewan komisaris, dan gaji atau honorarium dewan komisaris dan direksi"
"19 Mar 2025
					19:00:27",Penyampaian Bukti Iklan Panggilan RUPS [],JPFA,JPFA menyampaikan bukti iklan RUPS melalui media web perseroan
"19 Mar 2025
					22:17:17",Penyampaian Laporan Tahunan [],JPFA,"Laporan Tahunan JPFA menyampaikan laporan manajemen, analisis dan pembahasan manajemen dan tata kelola"
"03 Mar 2025
					16:55:08",Penyampaian Laporan Keuangan Tahunan [],JSMR,"Laporan Keuangan Tahunan JSMR menunjukkan pendapatan usaha sebesar Rp28,70 triliun dengan perolehan laba bersih sebesar Rp5,62 triliun, total aset perseroan tumbuh menjadi Rp140,73 triliun yang diimbangi dengan penurunan total liabilitas menjadi Rp83,19 triliun"
"03 Mar 2025
					21:05:40",Perubahan Komite Audit [],JSMR,JSMR mengumumkan perubahan komite audit dengan penambahan anggota baru
"05 Mar 2025
					15:39:36",Laporan Bulanan Registrasi Pemegang Efek [],JSMR,"Laporan Bulanan Registrasi Pemegang Efek JSMR menunjukkan kenaikan jumlah saham free float sebesar 0,69% dan kenaikan jumlah pemegang saham sebanyak 27 pemegang"
"06 Mar 2025
					12:26:20",INKP memaparkan hasil pemeringkatan pemeringkatan tahunan di tahun ini yang dinilai positif,JSMR,JSMR memaparkan hasil pemeringkatan pemeringkatan tahunan di tahun ini yang dinilai stabil
"19 Mar 2025
					08:37:12",Penjelasan atas Permintaan Penjelasan Bursa [],JSMR,"JSMR memberikan klarifikasi mengenai likuidasi salah satu anak perusahaan yaitu PT Jalantol Lingkarluar Jakarta, dampaknya, usaha penyelamatan serta estimasi efek likuidasi"
"24 Mar 2025
					07:56:07","Pengalihan kepemilikan 5.080.509.839 saham Seri B atau sebesar 70,00% dari seluruh saham yang telah dikeluarkan dan disetor penuh Perseroan melalui proses inbreng yang dilaksanakan Negara Republik Indonesia kepada PT Biro Klasifikasi Indonesia (Persero) berdasarkan Peraturan Pemerintah PP No. 15 Tahun 2025 tanggal 21 Maret 2025 tentang Penambahan Penyertaan Modal Negara Republik Indonesia ke dalam Modal Saham Perusahaan Perseroan (Persero) PT Biro Klasifikasi Indonesia untuk Pendirian Holding Operasional []",JSMR,JSMR melaporkan pengalihan kepemilikan 5.080.509.839 saham seri B milik Negara Republik Indonesia kepada PT Biro Klasifikasi Indonesia
"26 Mar 2025
					17:19:02",Penjelasan atas Permintaan Penjelasan Bursa [],JSMR,"JSMR memberikan klarifikasi mengenai transaksi inbreng dengan PT Biro Klasifikasi Indonesia, struktur organisasinya dan dampak terhadap perseroan"
"27 Mar 2025
					14:01:42",Pemberitahuan Rencana Rapat Umum Pemegang Saham Tahunan [],JSMR,JSMR memberitahukan rencana RUPS Tahunan yang akan dilaksanakan dalam dua bulan mendatang
"27 Mar 2025
					14:26:02",Laporan Kepemilikan atau Setiap Perubahan Kepemilikan Saham Perusahaan Terbuka [],JSMR,JSMR melaporkan perubahan kepemilikan saham pengendali yang mengalihkan 5.080.509.839 dengan tujuan pengalihan kepemilikan
"10 Mar 2025
					08:16:35",Laporan Bulanan Registrasi Pemegang Efek [],KLBF,"Laporan Bulanan Registrasi Pemegang Efek KLBF menunjukkan penurunan pemegang saham Scripless dan free float serta kenaikan saham treasury sebesar 0,02% dan kenaikan jumlah pemegang saham sebanyak 149 pemegang"
"28 Mar 2025
					10:03:37",Penyampaian Laporan Keuangan Tahunan [],KLBF,"Laporan Keuangan Tahunan KLBF menunjukkan penjualan dan pendapatan usaha menjadi sebesar Rp32,63 triliun, laba tahun berjalan perusahaan sebesar Rp3,25 triliun, dan total aset perusahaan mencapai Rp29,43 triliun"
"10 Mar 2025
					20:40:48",Laporan Bulanan Registrasi Pemegang Efek [],MAPA,Laporan Bulanan Registrasi Pemegang Efek MAPA menunjukkan kenaikan pemegang saham sebanyak 394 pemegang
"26 Mar 2025
					20:50:06",Penyampaian Laporan Keuangan Tahunan [],MAPA,"Laporan Keuangan Tahunan MAPA menunjukkan pendapatan bersih untuk tahun sebelumnya mencapai Rp17,2 triliun, laba kotor naik sebesar 20,1% menjadi Rp7,9 triliun dari Rp6,6 triliun, dengan GPM sebesar 46,1%. Laba usaha tumbuh 6,0% YoY menjadi Rp2,2 triliun, dengan margin sebesar 12,5%. Sementara itu, EBITDA meningkat sebesar 13,6% menjadi Rp3,4 triliun dan laba bersih sebesar Rp1,3 triliun"
"26 Mar 2025
					21:27:58",Siaran Pers - Laporan Keuangan Tahunan PT Map Aktif  Adiperkasa Tbk (Diaudit) [],MAPA,"MAPA mengeluarkan siaran pers yang membahas laporan keuangan tahunan. Laporan keuangan tahunan MAPA menunjukkan pendapatan bersih untuk tahun sebelumnya mencapai Rp17,2 triliun, laba kotor naik sebesar 20,1% menjadi Rp7,9 triliun dari Rp6,6 triliun, dengan GPM sebesar 46,1%. Laba usaha tumbuh 6,0% YoY menjadi Rp2,2 triliun, dengan margin sebesar 12,5%. Sementara itu, EBITDA meningkat sebesar 13,6% menjadi Rp3,4 triliun dan laba bersih sebesar Rp1,3 triliun"
"26 Mar 2025
					22:44:04",Penjelasan atas Volatilitas Transaksi [],MAPA,MAPA memberikan penjelasan atas volatilitas transaksi efek dan menyatakan bahwa perseroan tidak mengetahui informasi yang dapat menyebabkan volatilitas tersebut
"04 Mar 2025
					17:57:40",Penjelasan atas Pemberitaan Media Massa [],MAPI,MAPI memberi penjelasan atas pemberitaan media massa mengenai pemeriksaan KPK terhadap General Manager perseroan atas dugaan korupsi
"10 Mar 2025
					20:42:41",Laporan Bulanan Registrasi Pemegang Efek [],MAPI,"Laporan Bulanan Registrasi Pemegang Efek MAPI menunjukkan kenaikan kepemilikan saham Scripless sebesar 0,36% dan pengosongan saham treasury, kenaikan saham free float sebesar 0,36% dan penurunan jumlah pemegang saham sebanyak 927 pemegang"
"26 Mar 2025
					20:56:48",Penyampaian Laporan Keuangan Tahunan [],MAPI,"Laporan Keuangan Tahunan MAPI menunjukkan peningkatan pendapatan bersih sebesar 13,6% menjadi Rp37,8 triliun, laba kotor tumbuh dari Rp15,1 triliun menjadi Rp16,1 triliun, dengan GPM sebesar 42,7%. Laba usaha mencapai Rp3,5 triliun dengan margin 9,1%, sementara EBITDA naik menjadi Rp6,4 triliun. MAP mencatatkan laba bersih sebesar Rp2,1 triliun"
"26 Mar 2025
					21:27:44",Siaran Pers: Laporan Keuangan Tahunan PT Mitra Adiperkasa Tbk (Diaudit) [],MAPI,"MAPI mengeluarkan siaran pers yang membahas laporan keuangan tahunan yang menunjukkan peningkatan pendapatan bersih sebesar 13,6% menjadi Rp37,8 triliun, laba kotor tumbuh dari Rp15,1 triliun menjadi Rp16,1 triliun, dengan GPM sebesar 42,7%. Laba usaha mencapai Rp3,5 triliun dengan margin 9,1%, sementara EBITDA naik menjadi Rp6,4 triliun. MAP mencatatkan laba bersih sebesar Rp2,1 triliun"
"10 Mar 2025
					10:10:36",Laporan Bulanan Registrasi Pemegang Efek [],MBMA,Laporan Bulanan Registrasi Pemegang Efek MBMA menunjukkan penurunan pemegang saham sebanyak 167 pemegang
"11 Mar 2025
					14:51:07",Kesiapan Dana untuk Pelunasan Pokok serta Pembayaran Bunga Keempat dari Obligasi I Merdeka Battery Materials Seri A [],MBMA,MBMA mengumumkan kesiapan dana untuk pelunasan pokok dan pembayaran bunga keempat dari Obligasi Berkelanjutan I
"28 Mar 2025
					16:00:57",Perubahan Corporate Secretary [],MBMA,MBMA melaporkan perubahan corporate secretary yang efektif secara langsung
"02 Mar 2025
					15:11:54",Pembelian kembali atau pembayaran Efek Bersifat Utang dan/atau Sukuk [],MDKA,MDKA melaporkan pembelian kembali atau pembayaran efek bersifat utang atau sukuk 
"06 Mar 2025
					16:25:02",Penjelasan atas Volatilitas Transaksi [],MDKA,MDKA memberikan penjelasan atas volatilitas transaksi efek dan menyatakan bahwa perseroan tidak mengetahui informasi yang dapat menyebabkan volatilitas tersebut
"07 Mar 2025
					17:57:25",Jatuh Tempo Obligasi / Sukuk Korporasi [],MDKA,Pengumuman mengenai jatuh tempo Obligasi Berkelanjutan III beberapa tahun lalu
"08 Mar 2025
					20:00:41",Pembelian kembali atau pembayaran Efek Bersifat Utang dan/atau Sukuk [],MDKA,MDKA melaporkan pembelian kembali atau pembayaran efek bersifat utang atau sukuk 
"10 Mar 2025
					14:28:53",Laporan Bulanan Registrasi Pemegang Efek [],MDKA,Laporan Bulanan Registrasi Pemegang Efek MDKA menunjukkan penurunan pemegang saham sebanyak 1.145 pemegang
"26 Mar 2025
					14:55:40",Kesiapan Dana untuk Pelunasan Pokok serta Pembayaran Bunga Kedua Belas dari Obligasi Berkelanjutan III Merdeka Copper Gold Tahap II Seri A [],MDKA,MDKA mengumumkan kesiapan dana untuk pelunasan pokok dan pembayaran bunga kedua belas dari Obligasi Berkelanjutan III
"03 Mar 2025
					22:46:39","Siaran Media ""MedcoEnergi Mengumumkan Penemuan Hidrokarbon di Sumur Eksplorasi West Kalabau-1"" []",MEDC,MEDC menyampaikan siaran media mengenai penemuan hidrokarbon di sumur eksplorasi West Kalabau-1
"10 Mar 2025
					10:31:54",Laporan Bulanan Registrasi Pemegang Efek [],MEDC,"Laporan Bulanan Registrasi Pemegang Efek MEDC menunjukkan kenaikan saham treasury dan penurunan pemegang saham Scripless sebesar 0,08% dan penurunan jumlah saham free float sebesar 0,08% serta penurunan jumlah pemegang saham sebanyak 2.310 pemegang"
"21 Mar 2025
					11:31:25",Press Release MedcoEnergi Selesaikan Akuisisi Seismik 3D Rebonjaro di Blok Corridor [],MEDC,MEDC melakukan press release mengenai penyelesaian akuisisi seismik 3D Rebonjaro di Blok Corridor
"24 Mar 2025
					16:18:24",Penyelesaian transaksi pembelian kembali saham Peseroan  [],MEDC,MEDC menyampaikan mengenai penyelesaian transaksi pembelian kembali saham yang dibahas pada tahun sebelumnya
"24 Mar 2025
					16:42:58",Amandemen I Perjanjian Pinjam Meminjam  [],MEDC,"MEDC menyampaikan amandemen I dalam perjanjian pinjam meminjam dengan PT Satria Raksa Buminusa (SRB), anak perusahaan yang seluruh sahamnya dimiliki secara tidak langsung oleh Perseroan untuk menaikkan angka pinjaman dari Rp15.000.000.000 menjadi Rp40.000.000.000"
"25 Mar 2025
					16:21:56",Keterbukaan Informasi Pembelian Kembali Saham dalam Kondisi Pasar yang Berfluktuasi Secara Signifikan. [],MEDC,MEDC memberikan keterbukaan informasi mengenai pembelian kembali saham di kondisi pasar yang fluktuatif
"25 Mar 2025
					23:30:49",Press Release MedcoEnergi Umumkan Program Pembelian Kembali Saham [],MEDC,MEDC mengeluarkan press release mengenai program pembelian kembali saham (Buyback) hingga $5 juta dolar AS
"28 Mar 2025
					17:24:59",Penyampaian Laporan Keuangan Tahunan [],MEDC,"Laporan Keuangan Tahunan MEDC menunjukkan penjualan dan pendapatan usaha sebesar USD 2,40 miliar, laba bersih periode berjalan sebesar USD 380,21 juta dan total aset perseroan yang mencapai USD 7,93 miliar"
"28 Mar 2025
					18:23:20",Penyampaian Informasi Pemenuhan Kewajiban Public Expose - Tahunan [],MEDC,"MEDC menyampaikan informasi pemenuhan kewajiban public expose yang berisikan performa operasional, finansial dan keberlanjutan"
"28 Mar 2025
					18:47:42",Press Release MedcoEnergi Mengumumkan Hasil Keuangan Tahun Sebelumnya yang Telah Diaudit [],MEDC,MEDC melakukan press release yang mengumumkan hasil keuangan tahun sebelumnya setelah proses audit
"28 Mar 2025
					19:58:34",Penyampaian Informasi Pemenuhan Kewajiban Public Expose Tahunan berdasarkan Ketentuan III.3.6. Peraturan Bursa No. I-E  [],MEDC,"MEDC menyampaikan informasi pemenuhan kewajiban public expose yang berisikan performa operasional, finansial dan keberlanjutan"
"04 Mar 2025
					14:07:40",Laporan Bulanan Registrasi Pemegang Efek [],PGAS,Laporan Bulanan Registrasi Pemegang Efek PGAS menunjukkan penurunan pemegang saham sebanyak 3.527 pemegang
"26 Mar 2025
					10:41:56",Penyampaian Laporan Keuangan Tahunan [],PGAS,"Laporan Keuangan Tahunan PGAS menunjukkan pendapatan usaha sebesar USD 3,79 miliar, laba bersih yang dapat diatribusikan ke entitas induk sebesar USD 339,43 juta dan total aset sebesar USD 6,42 miliar"
"27 Mar 2025
					17:38:42",Pengangkatan anggota Dewan Komisaris Perseroan sebagai anggota Dewan Komisaris PT Bank Mandiri (Persero) Tbk  [],PGAS,PGAS melaporkan pengangkatan anggota dewan komisaris perseroan sebagai anggota dewan komisaris PT Bank Mandiri (Persero) Tbk
"05 Mar 2025
					11:19:49",Laporan Bulanan Registrasi Pemegang Efek [],PGEO,Laporan Bulanan Registrasi Pemegang Efek PGEO menunjukkan penurunan pemegang saham sebanyak 931 pemegang
"25 Mar 2025
					13:53:29",Penyampaian Laporan Keuangan Tahunan [],PGEO,Laporan Keuangan Tahunan PGEO menunjukkan pendapatan sebesar USD 407.120 ribu dengan laba bersih mencapai USD 160.302 ribu dan total aset terkumpul mencapai USD 2.997.402 ribu
"26 Mar 2025
					06:14:20","Teruskan Kinerja Berkelanjutan Pengembangan Energi Hijau, PGE Bukukan Laba USD160,30 Juta []",PGEO,"PGEO mengumumkan laba yang didapatkan sejumlah  USD160,30 Juta"
"05 Mar 2025
					07:53:45",Laporan Bulanan Registrasi Pemegang Efek [],PTBA,Laporan Bulanan Registrasi Pemegang Efek PTBA menunjukkan penurunan pemegang saham sebanyak 458 pemegang
"25 Mar 2025
					11:14:43",Keterbukaan Informasi  [],PTBA,PTBA menyampaikan keterbukaan informasi terkait RUPS Tahunan yang mengangkat seorang direktur baru
"30 Mar 2025
					09:24:03",Penyampaian Laporan Keuangan Tahunan [],PTBA,"Laporan Keuangan Tahunan PTBA menunjukkan peningkatan penjualan dan pendapatan usaha menjadi sebesar Rp42.764.968 juta, namun laba bersih tahun berjalan mengalami penurunan menjadi sebesar Rp5.139.423 juta."
"03 Mar 2025
					09:45:52",Pemberitahuan Rencana Rapat Umum Pemegang Saham Tahunan [],SIDO,SIDO memberitahukan rencana RUPS Tahunan yang akan dilaksanakan di bulan mendatang
"04 Mar 2025
					13:17:35",Laporan Kepemilikan atau Setiap Perubahan Kepemilikan Saham Perusahaan Terbuka [],SIDO,SIDO melaporkan perubahan kepemilikan saham oleh komisaris yang membeli sejumlah 100.000 saham untuk investasi
"05 Mar 2025
					09:01:24",Laporan Bulanan Registrasi Pemegang Efek [],SIDO,"Laporan Bulanan Registrasi Pemegang Efek SIDO menunjukkan kenaikan kepemilikan saham oleh direksi sebesar 0,03%, penurunan jumlah saham free float sebesar 0,03% dan penurunan jumlah pemegang saham sebanyak 3.964 pemegang"
"06 Mar 2025
					22:06:49",Penyampaian Laporan Keuangan Tahunan [],SIDO,"Laporan Keuangan Tahunan SIDO menunjukkan pendapatan usaha sebesar Rp3.919.084.000.000, total aset Rp3.939.625.000.000 dan laba bersih tahun berjalan sebesar Rp1.171.026"
"07 Mar 2025
					04:00:09",Siaran Pers Laporan Keuangan Tahunan PT. Industri Jamu Dan Farmasi Sido Muncul Tbk. [],SIDO,SIDO menyampaikan siaran pers laporan keuangan tahunan yang menunjukkan kinerja kuat dengan pertumbuhan volume dan ekspansi pasar
"14 Mar 2025
					07:53:59",Penyampaian Laporan Tahunan & Keberlanjutan dan ESG [],SIDO,"Laporan Keberlanjutan & ESG SIDO memaparkan konsumsi sumber daya, emisi, komitmen kepada zero emission dan usaha pengurangan gas rumah kaca serta lingkungan kerja pegawai"
"17 Mar 2025
					11:17:05",Pemberitahuan Perubahan Jadwal Rapat Umum Pemegang Saham Tahunan [],SIDO,SIDO mengumumkan perubahan jadwal RUPS Tahunan yang diundur hingga awal bulan mendatang
"17 Mar 2025
					15:06:23",Rencana Pembelian Kembali Saham Oleh Perseroan [],SIDO,SIDO melaporkan rencana pembelian kembali saham dengan batas Rp300 Miliar
"17 Mar 2025
					19:03:14",Laporan Kepemilikan atau Setiap Perubahan Kepemilikan Saham Perusahaan Terbuka [],SIDO,SIDO melaporkan perubahan kepemilikan saham oleh direksi yang membeli sejumlah 400.000 saham untuk investasi
"20 Mar 2025
					12:03:27",Perubahan Rencana Pembelian Kembali Saham oleh Perseroan [],SIDO,SIDO melaporkan perubahan rencana pembelian kembali saham yang akan ditunda 
"10 Mar 2025
					10:31:10",Laporan Kepemilikan atau Setiap Perubahan Kepemilikan Saham Perusahaan Terbuka [],SMGR,SMGR melaporkan perubahan kepemilikan saham seorang komisaris yang menjual 24.300 saham atas alasan penjualan saham
"24 Mar 2025
					09:15:26","Pengalihan kepemilikan 3.457.023.004 (tiga milyar empat ratus lima puluh tujuh juta dua puluh tiga ribu empat) lembar saham seri B atau sebesar 51,20% (lima puluh satu koma dua nol persen) saham dari seluruh saham yang telah dikeluarkan dan disetor penuh Perseroan yang dimiliki Negara Republik Indonesia c.q Kementerian BUMN, melalui proses penyertaan saham yang dilaksanakan oleh Negara Republik Indonesia c.q Kementerian BUMN kepada PT Biro Klasifikasi Indonesia (Persero) []",SMGR,SMGR melaporkan pengalihan kepemilikan 3.457.024.004 saham seri B milik Negara Republik Indonesia kepada PT Biro Klasifikasi Indonesia
"26 Mar 2025
					12:14:53",Laporan Bulanan Registrasi Pemegang Efek [],SMGR,Laporan Bulanan Registrasi Pemegang Efek SMGR menunjukkan perubahan minor dalam jumlah saham free float dan penurunan jumlah pemegang saham sebesar 1.169 pemegang
"27 Mar 2025
					12:40:06",Laporan Kepemilikan atau Setiap Perubahan Kepemilikan Saham Perusahaan Terbuka [],SMGR,SMGR melaporkan perubahan kepemilikan saham sebanyak 3.457.023.004 saham yang dilakukan atas alasan pengalihan yang dilakukan oleh pengendali
"27 Mar 2025
					19:55:11",Penjelasan atas Permintaan Penjelasan Bursa [],SMGR,"SMGR memberikan klarifikasi atas peristiwa pengalihan saham Seri B milik Negara Republik Indonesia kepada PT Biro Klasifikasi Indonesia, struktur organisasinya, dampaknya terhadap perseroan dan rencana jangka panjang perseroan"
"29 Mar 2025
					01:29:26",Penyampaian Laporan Keuangan Tahunan [],SMGR,"Laporan Keuangan Tahunan SMGR menunjukkan penurunan pendapatan usaha menjadi Rp36,18 triliun dan laba bersih periode berjalan menjadi Rp771,67 miliar. Total aset perseroan juga terkoreksi menjadi Rp76,99 triliun dengan jumlah liabilitas sebesar Rp28,68 triliun."
"07 Mar 2025
					11:25:16",Laporan Bulanan Registrasi Pemegang Efek [],SMRA,Laporan Bulanan Registrasi Pemegang Efek SMRA menunjukkan penurunan pemegang saham sebanyak 81 pemegang
"07 Mar 2025
					22:54:20",Penjelasan atas Pemberitaan Media Massa [],SMRA,SMRA memberikan klarifikasi atas kasus korupsi dtijen pajak dan pemeriksaan KPK yang dilakukan serta dampaknya terhadap perseroan
"14 Mar 2025
					11:26:15",Laporan Transaksi Afiliasi  [],SMRA,SMRA melaporkan transaksi afiliasi PT Layar Sukses Investama dengan PT Inspira Citra Asia selaku perusahaan terkendali perseroan atas objek Pinjaman dana sebesar Rp3.000.000.000 
"14 Mar 2025
					14:27:17",Penyampaian Laporan Keuangan Tahunan [],SMRA,"Laporan Keuangan Tahunan SMRA menunjukkan pendapatan usaha yang meningkat menjadi Rp10.623.354.592, laba tahun berjalan sebesar Rp1.842.219.470 dan total aset sebesar Rp33.534.100.462"
"21 Mar 2025
					18:54:04",Laporan Transaksi Afiliasi [],SMRA,SMRA melaporkan transaksi afiliasi PT Layar Sukses Investama dengan PT Inspira Citra Asia selaku perusahaan terkendali perseroan atas objek Perjanjian Pinjaman sebesar Rp2.250.000.000 
"24 Mar 2025
					14:54:28",Laporan Transaksi Afiliasi [],SMRA,SMRA melaporkan transaksi afiliasi dengan PT Bukit Permai Properti dengan objek Pengurangan Modal sebesar Rp6.246.983.000 
"07 Mar 2025
					13:03:51",Laporan Bulanan Registrasi Pemegang Efek [],TLKM,Laporan Bulanan Registrasi Pemegang Efek TLKM menunjukkan penurunan pemegang saham Scrip dan Scripless serta penurunan minor jumlah saham free float dan penurunan jumlah pemegang saham sebanyak 2.448 pemegang
"24 Mar 2025
					08:44:10",Pengalihan Kepemilikan Saham Seri B Perseroan milik Negara Republik Indonesia kepada PT Biro Klasifikasi Indonesia [],TLKM,TLKM mengumumkan pengalihan kepemilikan saham Seri B Perseroan milik Negara Republik Indonesia kepada PT Biro Klasifikasi Indonesia
"26 Mar 2025
					17:35:51",Penjelasan atas Permintaan Penjelasan Bursa [],TLKM,"TLKM memberikan klarifikasi mengenai transaksi inbreng dengan PT Biro Klasifikasi Indonesia, struktur organisasinya dan dampak terhadap perseroan"
"10 Mar 2025
					11:20:07",Laporan Bulanan Registrasi Pemegang Efek [],TOWR,Laporan Bulanan Registrasi Pemegang Efek TOWR menunjukkan penurunan pemegang saham sebanyak 198 pemegang
"10 Mar 2025
					16:48:23",Pemberitahuan Rencana Rapat Umum Pemegang Saham Tahunan dan Luar Biasa [],TOWR,TOWR memberitahukan rencana pengadaan RUPS Tahunan dan RUPSLB yang akan diadakan pada bulan mendatang
"24 Mar 2025
					17:44:52","Penandatangan Perjanjian Perubahan antara PT Profesional Telekomunikasi Indonesia, PT Iforte Solusi Infotek dan PT Iforte Energi Nusantara sebagai Peminjam dengan PT Bank QNB Indonesia Tbk. []",TOWR,"TOWR menginformasikan penandatangan perjanjian perubahan antara PT Profesional Telekomunikasi Indonesia, PT Iforte Solusi Infotek dan PT Iforte Energi Nusantara sebagai peminjam dengan PT Bank QNB Indonesia Tbk. yang meminjam sejumlah Rp500.000.000.000"
"25 Mar 2025
					23:10:32",Penyampaian Laporan Keuangan Tahunan [],TOWR,"Laporan Keuangan Tahunan TOWR menunjukkan pendapatan usaha sebesar Rp12,74 triliun dan laba bersih yang dapat diatribusikan kepada pemilik entitas induk meningkat menjadi Rp3,34 triliun"
"25 Mar 2025
					23:31:15",Pemanggilan Rapat Umum Pemegang Saham Tahunan dan Luar Biasa [],TOWR,"TOWR menginformasikan pemanggilan RUPS Tahunan yang membahas persetujuan laporan tahunan dan keuangan, penetapan penggunan laba bersih, penetapan gaji atau honorarium kepada anggota direksi dan dewan komisaris, penunjukan akuntan publik, pemberian kuasa dan wewenang kepada direksi untuk membayar dividen interim/sementara, persetujuan pengunduran diri komisaris utama dan wakil direktur utama perseroan serta pengangkaan komisaris utama baru dan RUPSLB yang membahas persetujuan penambahan modal dengan memberikan HMETD"
"25 Mar 2025
					23:47:36",Penyampaian Laporan Tahunan [],TOWR,"Laporan Tahunan TOWR menyampaikan laporan manajemen, analisis dan pembahasan manajemen, tata kelola, dan laporan keuangan"
"25 Mar 2025
					23:55:56",Penyampaian Laporan Keberlanjutan dan ESG [],TOWR,"Laporan Keberlanjutan & ESG TOWR memaparkan konsumsi sumber daya, emisi, komitmen kepada zero emission dan usaha pengurangan gas rumah kaca serta lingkungan kerja pegawai"
"04 Mar 2025
					06:48:47",Perjanjian Pengikatan Jual Beli Saham  [],UNTR,UNTR menyampaikan informasi mengenai perjanjian pengikatan jual beli saham yang dilakukan oleh perusahaan di bawah kendali UNTR 
"04 Mar 2025
					15:43:21",Transaksi Afiliasi [],UNTR,UNTR melaporkan transaksi afiliasi dengan PT Bank Jasa Jakarta dengan objek transaksi berupa Perjanjian Fasilitas Kredit senilai Rp25.000.000.000
"07 Mar 2025
					16:42:36",Laporan Bulanan Registrasi Pemegang Efek [],UNTR,Laporan Bulanan Registrasi Pemegang Efek UNTR menunjukkan kenaikan pemegang saham sebanyak 1.885 pemegang
"11 Mar 2025
					16:03:16",Transaksi Afiliasi [],UNTR,UNTR melaporkan transaksi afiliasi dengan PT Universal Tekno Reksajaya dengan objek transaksi yang berupa Jual Beli Tanah  senilai Rp25.000.381.492
"12 Mar 2025
					17:00:45",Pemberitahuan Rencana Rapat Umum Pemegang Saham Tahunan [],UNTR,UNTR memberitahukan penyelenggaraan RUPS Tahunan di bulan mendatang yang akan dilakukan secara fisik
"27 Mar 2025
					18:08:06",Rencana Transaksi Perubahan Kegiatan Usaha [],UNTR,UNTR menyampaikan rencananya untuk menambah kegiatan usaha yang berupa retail online yang berhubungan dengan suku cadang
"27 Mar 2025
					18:08:26",Penyampaian Laporan Tahunan [],UNTR,"Laporan Tahunan UNTR menyampaikan laporan manajemen, analisis dan pembahasan manajemen, sumber daya manusia dan digitalisasi, tata kelola, tanggung jawab sosial dan laporan keuangan"
"27 Mar 2025
					18:10:40",Pemanggilan Rapat Umum Pemegang Saham Tahunan dan Luar Biasa [],UNTR,"UNTR menyampaikan pemanggilan RUPS Tahunan dengan agenda yang membahas persetujuan laporan tahunan dan laporan keuangan, persetujuan penggunaan laba bersih, pengangkatan anggota direksi dan dewan komisaris untuk dua tahun kedepannya,penetapan gaji / honorarium anggota direksi dan dewan komisaris serta penunjukan kantor akuntan dan RUPSLB dengan agenda yang membahas persetujuan atas perubahan anggaran dasar perseroan dan kegiatan usaha"
"28 Mar 2025
					22:48:40",Penyampaian Laporan Keberlanjutan dan ESG [],UNTR,"Laporan Keberlanjutan & ESG UNTR memaparkan konsumsi sumber daya, emisi, komitmen kepada zero emission dan usaha pengurangan gas rumah kaca serta lingkungan kerja pegawai"
"10 Mar 2025
					14:20:40",Laporan Bulanan Registrasi Pemegang Efek [],UNVR,Laporan Bulanan Registrasi Pemegang Efek UNVR menunjukkan penurunan dan kenaikan minor dalam kepemilikan Scrip dan Scripless serta kenaikan jumlah pemegang saham sebanyak 688 pemegang
"14 Mar 2025
					15:33:03",Laporan Kepemilikan Saham [],UNVR,UNVR memberikan laporan kepemilikan saham yang menjelaskan adanya saham yang diperoleh oleh ahli waris
"14 Mar 2025
					15:35:14",Penerbitan SKS Pengganti Karena Hilang PT Unilever Indonesia Tbk [],UNVR,"UNVR melaporkan penerbitan SKS pengganti saham yang hilang sejumlah 93.000 saham dengan nilai nominal saham Rp 2,-"
"19 Mar 2025
					11:57:51",Laporan Kepemilikan Saham [],UNVR,UNVR memberikan laporan kepemilikan saham yang menjelaskan adanya saham yang diperoleh oleh ahli waris