Date,Company,News
1/2/2025,INCO,INCO melaporkan perubahan dalam anggota komite audit yang dilaksanakan
1/3/2025,INCO,Laporan Bulanan Registrasi Pemegang Efek INCO menunjukkan penurunan pemegang saham sebanyak 1.270 pemegang
1/10/2025,INCO,INCO melaporkan aktivitas eksplorasi yang masih dilanjutkan dari bulan-bulan sebelumnya dan belum memiliki
1/14/2025,INCO,INCO mengumumkan siaran pers RUPSLB (Rapat Umum Pemegang Saham Luar Biasa)
1/15/2025,INCO,"INCO memberikan klarifikasi mengenai partner, rincian kontrak, lingkup wilayah, target serta dampak kontrak jasa pertambangan"
1/16/2025,INCO,INCO memberikan ringkasan risalah RUPSLB yang memberhentikan dan mengangkat seorang komisaris independen perseroan yang efektif sejak penutupan rapat
1/16/2025,INCO,"INCO melaporkan penggunaan dana hasil penawaran umum serta rincian dana penawaran, realisasi dan dana sisa serta alokasi penggunaannya"
1/17/2025,INCO,"INCO menyampaikan bukti iklan hasil RUPS yang dilakukan melalui media situs web perseroan, situs web IDXnet dan eASY.KSEI"
1/17/2025,INCO,"INCO melaporkan penggunaan dana hasil penawaran umum serta rincian dana penawaran, realisasi dan dana sisa serta alokasi penggunaannya"
1/24/2025,INCO,INCO memberi pernyataan bahwa mereka termasuk dalam kriteria satu grup perusahaan dengan perusahaan lainnya berdasarkan fakta yang tersedia
2/5/2025,INCO,"INCO menyampaikan penjelasan atas volatilitas transaksi efek, menyatakan tidak mengetahui adanya informasi/fakta material baru, tidak ada aktivitas pemegang saham tertentu, dan tidak ada rencana tindakan korporasi dalam waktu dekat selain fokus pada produksi serta pengembangan proyek tambang."
2/6/2025,INCO,"Laporan Bulanan Registrasi Pemegang Efek INCO menunjukkan kenaikan pemegang saham sebanyak 1.261 (dari 39.292 menjadi 40.553) dengan free float 20,39%."
2/18/2025,INCO,"INCO menyampaikan penjelasan atas permintaan Bursa terkait pemberitaan media massa tentang PTRO yang membukukan kontrak Rp64,3 triliun."
2/20/2025,INCO,"INCO menyampaikan informasi material bahwa Perseroan menerima surat pengunduran diri Komisaris, yang akan diajukan persetujuannya pada RUPS terdekat dan tidak berdampak pada operasional, hukum, kondisi keuangan, atau kelangsungan usaha."
2/25/2025,INCO,"INCO menyampaikan laporan keuangan tahunan yang diaudit dengan opini Wajar Tanpa Modifikasian, disusun sebagai entitas grup dalam mata uang USD, dengan tiga hal audit utama terkait penilaian aset derivatif dan provisi penghentian operasional aset."
2/26/2025,INCO,INCO menyampaikan siaran pers pencapaian kinerja keuangan sebagai laporan informasi atau fakta material.
2/27/2025,INCO,INCO menyampaikan bukti iklan Informasi Laporan Keuangan Tahunan yang dipublikasikan di media cetak.
3/6/2025,INCO,Laporan Bulanan Registrasi Pemegang Efek INCO menunjukkan kenaikan pemegang saham sebanyak 26 pemegang
3/11/2025,INCO,INCO melaporkan perubahan kepemilikan saham direksi yang membeli 70.000 saham untuk alasan investasi
3/20/2025,INCO,INCO melaporkan perubahan kepemilikan saham direksi yang membeli 85.000 saham untuk alasan investasi
3/24/2025,INCO,INCO menginformasikan mengenai pemberitaan publik seorang Presiden Direktur perseroan yang diangkat menjadi Direktur Managing BPI Danantara
3/26/2025,INCO,"INCO melaporkan pengambilalihan saham oleh GEM Hong Kong International Co., Ltd sebesar 1.000.104 saham"
4/8/2025,INCO,INCO menyampaikan informasi penandatanganan perjanjian jasa pertambangan dan pengangkutan material bijih nikel Bahodopi Blok 2&3
4/9/2025,INCO,INCO memberitahukan rencana RUPS Tahunan yang akan dilakukan dalam bulan mendatang
4/10/2025,INCO,"INCO menyampaikan bukti iklan pemberitahuan RUPS melalui media situs web perseroan, IDX dan KSEI"
4/10/2025,INCO,Laporan Bulanan Registrasi Pemegang Efek INCO menunjukkan penurunan minor jumlah saham free float dan kenaikan jumlah pemegang saham sebanyak 892 pemegang
4/14/2025,INCO,"Laporan Bulanan Aktivitas Eksplorasi INCO menunjukkan penggunaan biaya sebesar $1.198.240,71, $660.855,15 dan $662.625,27 untuk pengeboran, survei geofisika dan pengambilan sampel"
4/23/2025,INCO,INCO melaporkan berakhirnya masa jabatan presiden direktur perseroan yang kini menjadi direktur PT Biro Klasifikasi Indonesia
4/24/2025,INCO,"INCO memberikan ringkasan risalah RUPS Tahunan yang membahas persetujuan laporan tahunan dan laporan keuangan tahunan, persetujuan penggunaan laba bersih dan penunjukan kantor akuntan publik, persetujuan remunerasi bagi anggota dewan komisaris dan direktur"
4/24/2025,INCO,INCO melaporkan seorang direktur yang kini bertugas sebagai PD CEO
4/24/2025,INCO,"Laporan tahunan INCO membahas tentang profil perusahaan, kinerja tahunan, tata kelola, tanggung jawab sosial dan laporan keuangan"
4/24/2025,INCO,"Laporan Keberlanjutan dan ESG INCO menunjukkan penggunaan sumber daya, emisi, kondisi sosial dan strategi keberlanjutan"
4/24/2025,INCO,"INCO menyampaikan bukti iklan panggilan RUPS melalui media situs web perseroan, IDX dan KSEI"
4/29/2025,INCO,"Laporan keuangan INCO menunjukkan pendapatan sebesar USD 206.525 ribu, laba periode berjalan sebesar USD 21.795 ribu dan total aset sebesar USD 3.182.358 ribu"
4/29/2025,INCO,INCO menyampaikan siaran pers pencapaian kinerja keuangan triwulan pertama tahun ini
5/8/2025,INCO,"INCO melaporkan registrasi pemegang efek periode terkait dengan total saham tercatat 10.539.784.534 lembar, free float 2.149.126.417 lembar (20,39%), dan jumlah pemegang saham 42.043."
5/16/2025,INCO,INCO menyampaikan siaran pers hasil RUPS Tahunan periode terkait.
5/20/2025,INCO,"INCO menyampaikan ringkasan RUPS Tahunan dengan kuorum 85,5103%, menyetujui laba bersih USD57.760.371, dividen tunai USD34.656.223 (60%), sisa sebagai laba ditahan, serta perubahan pengurus."
5/20/2025,INCO,"INCO mengumumkan dividen final tahun buku terkait sebesar 60% dari laba bersih, setara AS$0,00329 per saham (bruto)."
5/20/2025,INCO,"INCO menyampaikan bukti iklan ringkasan hasil RUPS Tahunan yang dimuat di situs web bursa, perseroan, dan sistem e-RUPS."
5/20/2025,INCO,"INCO mengumumkan dividen tunai tahun buku terkait sebesar USD34.656.223, didasari laba bersih USD57.760.371, saldo laba ditahan USD2.179.911.547, dan total ekuitas USD2.732.773.840."
5/28/2025,INCO,"INCO menyampaikan penandatanganan perjanjian jasa pertambangan untuk jasa penambangan dan pengangkutan bijih nikel, lalu mengoreksi keterbukaan informasi terkait."
5/30/2025,INCO,INCO menyampaikan koreksi atas keterbukaan informasi penandatanganan perjanjian jasa pertambangan.
6/2/2025,INCO,INCO melaporkan penandatanganan perjanjian jasa pertambangan untuk penambangan dan pengangkutan bijih nikel di suatu blok.
6/4/2025,INCO,"INCO melaporkan registrasi pemegang efek bulanan dengan total saham tercatat 10.539.784.534 lembar, free float 2.149.134.417 lembar (20,39%), dan jumlah pemegang saham turun 1.444 menjadi 40.599."
6/9/2025,INCO,INCO menerima surat pengunduran diri seorang komisaris dan akan mengajukan persetujuan dalam RUPS terdekat.
6/11/2025,INCO,INCO mengumumkan rencana RUPSLB dengan lokasi yang akan diberitahukan kemudian.
6/12/2025,INCO,"INCO menyampaikan bukti iklan pemberitahuan RUPSLB yang dimuat di situs web bursa, situs web perseroan, dan sistem eASY.KSEI."
6/26/2025,INCO,"INCO mengundang RUPSLB dengan agenda perubahan susunan pengurus, diselenggarakan di lokasi tertentu."
6/30/2025,INCO,"INCO menyampaikan bukti iklan panggilan RUPSLB yang dimuat di situs web bursa, situs web perseroan, dan sistem eASY.KSEI."
7/7/2025,INCO,INCO melaporkan perubahan kepemilikan saham seorang komisaris yang menjual 131.200 saham atas alasan penjualan saham
7/7/2025,INCO,Laporan Bulanan Registrasi Pemegang Efek INCO menunjukkan penurunan pemegang saham sebanyak 391 pemegang
7/9/2025,INCO,INCO melaporkan penggunaan dana hasil penawaran umum Right Issue
7/15/2025,INCO,"Laporan Bulanan Aktivitas Eksplorasi INCO menunjukkan penggunaan biaya sebesar 1.506.738,84 USD untuk aktivitas berupa pengeboran, survei geofisika, dan core drilling"
7/21/2025,INCO,INCO memberikan ringkasan risalah RUPSLB yang membahas perubahan susunan pengurus perseroan
7/21/2025,INCO,INCO melakukan pemanggilan RUPSLB yang membahas perubahan susunan pengurus perseroan
7/23/2025,INCO,"INCO menyampaikan bukti pemberitahuan RUPS melalui media situs web perseroan, IDX dan KSEI"
7/24/2025,INCO,INCO memberikan penjelasan atas pemberitaan terkait kemitraan dengan pihak dari Korea
7/28/2025,INCO,INCO menyampaikan materi dan risalah sesi tanya jawab pada acara Medan IMC
7/28/2025,INCO,INCO menyampaikan siaran pers RUPSLB
7/29/2025,INCO,INCO mengumumkan pengunduran diri seorang direktur PT Vale Indonesia Tbk
7/30/2025,INCO,INCO mengumumkan perubahan corporate secretary
7/30/2025,INCO,"Laporan Keuangan Interim INCO menunjukkan pendapatan sebesar Rp6,93 triliun, laba periode berjalan sebesar Rp0,41 triliun dan total aset sebesar Rp51,48 triliun"
7/30/2025,INCO,INCO menyampaikan siaran pers pencapaian kinerja keuangan dan operasional triwulan ke 2
7/30/2025,INCO,INCO memerikan ringkasan risalah RUPSLB yang membahas perubahan susunan pengurus perseroan
7/31/2025,INCO,"INCO menyampaikan bukti iklan informasi laporan keuangan interim melalui media situs web perseroan, IDX dan KSEI"
7/31/2025,INCO,"INCO menyampaikan bukti pemberitahuan RUPS melalui media situs web perseroan, IDX dan KSEI"
7/31/2025,INCO,INCO menyampaikan siaran pers berjudul Katalis Baru bagi Operasional PT Vale
8/1/2025,INCO,INCO memberikan ringkasan risalah RUPSLB yang membahas perubahan susunan pengurus perseroan yang disetujui
8/8/2025,INCO,Laporan Bulanan Registrasi Pemegang Efek INCO menunjukkan kenaikan jumlah saham free float sekitar 131.000 saham dan penurunan jumlah pemegang saham sebanyak 219 pemegang
8/13/2025,INCO,INCO mengumumkan saham hilang sebanyak 4.000 saham
8/15/2025,INCO,INCO memberitahukan rencana RUPSLB yang akan dilakukan pada bulan mendatang
8/19/2025,INCO,"INCO menyampaikan bukti iklan pemberitahuan RUPS melalui media situs web perseroan, IDX dan KSEI"
8/26/2025,INCO,INCO memberikan klarifikasi atas kasus kebocoran pipa minyak PT Vale di Lutim
8/27/2025,INCO,"INCO menyampaikan rencana penyelenggaraan public expose tahunan yang akan dilakukan dalam bulan mendatang yang membahas update kinerja tahun ini, update operasional, update proyek pertumbuhan dan update hasil keuangan"
9/1/2025,INCO,Bursa mengumumkan penerbitan SKS pengganti karena hilang untuk INCO.
9/1/2025,INCO,INCO menyampaikan pemanggilan RUPS luar biasa dengan agenda persetujuan perubahan susunan pengurus.
9/2/2025,INCO,"INCO menyampaikan bukti iklan pemanggilan RUPS luar biasa di website bursa, website perseroan, dan sistem eASY."
9/4/2025,INCO,"INCO menyampaikan laporan bulanan registrasi pemegang efek dengan total saham 10.539.784.534, free float 20,4%, jumlah pemegang saham 38.124."
9/8/2025,INCO,INCO menyampaikan materi public expose tahunan sebagai lampiran.
9/16/2025,INCO,INCO menyampaikan hasil public expose tahunan yang dihadiri 126 peserta di luar manajemen dan karyawan.
9/23/2025,INCO,INCO menyampaikan siaran pers terkait RUPS luar biasa dengan agenda perubahan susunan pengurus pada tanggal tertentu.
9/23/2025,INCO,"INCO mengumumkan perubahan susunan komite nominasi dan remunerasi untuk periode tertentu, dengan susunan ketua dan anggota dari komisaris independen serta komisaris."
9/25/2025,INCO,"INCO melaporkan hasil RUPS luar biasa dengan kuorum 89,7269%, menyetujui perubahan susunan pengurus dan menetapkan susunan direksi untuk periode tertentu."
9/25/2025,INCO,"INCO menyampaikan bukti iklan hasil RUPS luar biasa pada website bursa, website perseroan, dan sistem tertentu."
9/30/2025,INCO,"INCO mengumumkan perubahan corporate secretary efektif pada tanggal tertentu, dengan nama baru dan lama sama."
10/6/2025,INCO,Laporan Bulanan Registrasi Pemegang Efek INCO menunjukkan penurunan pemegang saham sebanyak 4.220 pemegang
10/8/2025,INCO,INCO menyampaikan pengumuman Bursa Efek Indonesia terkait informasi kehilangan surat kolektif saham perseroan pada bulan lalu
10/10/2025,INCO,INCO melaporkan bahwa tidak ada aktivitas eksplorasi yang dilakukan oleh perseroan pada periode ini
10/14/2025,INCO,"INCO menyampaikan klarifikasi kepada PT Bursa Efek Indonesia terkait pemberitaan media massa mengenai penjualan solar di bawah harga pasar, dengan menyatakan berita tersebut tidak benar karena perseroan selalu membeli solar sesuai harga pasar yang berlaku serta menerapkan prinsip tata kelola perusahaan yang baik (Good Corporate Governance)"
10/17/2025,INCO,INCO menyampaikan pengumuman Bursa Efek Indonesia terkait informasi kehilangan surat kolektif saham perseroan pada pertengahan bulan lalu
10/29/2025,INCO,INCO menyampaikan pengumuman Bursa Efek Indonesia terkait penerbitan surat kolektif saham pengganti atas saham perseroan yang hilang pada akhir bulan lalu
10/29/2025,INCO,INCO menyampaikan fakta material terkait penerbitan siaran pers mengenai pencapaian produksi dan kinerja keuangan perseroan untuk periode triwulan ketiga
10/29/2025,INCO,"Laporan keuangan INCO yang tidak diaudit menunjukkan kinerja keuangan dengan perolehan laba bersih mencapai 0,87 triliun. Sepanjang periode tersebut, pendapatan usaha Vale Indonesia Tbk tercatat sebesar 11,76 triliun. Selain itu, total aset INCO tumbuh dan mencapai 54,10 triliun pada akhir periode tersebut"
11/4/2025,INCO,INCO menerbitkan SKS pengganti karena saham hilang sebanyak 4.000 saham
11/5/2025,INCO,INCO menerbitkan SKS pengganti karena saham hilang sebanyak 4.000 saham
11/7/2025,INCO,Laporan Bulanan Registrasi Pemegang Efek INCO menunjukkan penurunan pemegang saham sebanyak 1.379 pemegang
12/3/2025,INCO,"INCO melaporkan kenaikan jumlah pemegang saham sebanyak 3.194 (dari 32.525 menjadi 35.719) dengan free float 20,4%."
12/15/2025,INCO,INCO melaporkan perubahan susunan Komite Audit dengan penambahan anggota baru pada periode terkini.
12/22/2025,INCO,BEI mengumumkan saham hilang INCO.
12/29/2025,INCO,"INCO menyampaikan penjelasan atas volatilitas transaksi efek, menyatakan tidak mengetahui adanya informasi material, tidak ada aktivitas pemegang saham tertentu, tidak ada rencana korporasi dalam waktu dekat, dan pemegang saham utama tidak berencana mengubah kepemilikan."