text-small,attach-card href,f-m-20,f-m-20 2,d-iblock href,d-iblock,d-iblock href 2,d-iblock 2
"07 Nov 2025
					19:45:12",https://www.idx.co.id/StaticData/NewsAndAnnouncement/ANNOUNCEMENTSTOCK/From_EREP/202511/b27bca45bc_05ac0cb4cd.pdf,Jadwal Dividen Tunai Interim [],AADI,https://www.idx.co.id/StaticData/NewsAndAnnouncement/ANNOUNCEMENTSTOCK/From_EREP/202511/4d8992e9dc_9d6601019f.pdf,20251105_AADI_Jadwal Aksi Korporasi (Khusus Penyampaian Dividen Interim)_31982755_lamp2.pdf,https://www.idx.co.id/StaticData/NewsAndAnnouncement/ANNOUNCEMENTSTOCK/From_EREP/202511/748c7e8329_ea860466b9.pdf,20251105_AADI_Jadwal Aksi Korporasi (Khusus Penyampaian Dividen Interim)_31982755_lamp1.pdf
"10 Nov 2025
					17:51:22",https://www.idx.co.id/StaticData/NewsAndAnnouncement/ANNOUNCEMENTSTOCK/From_EREP/202511/20aa3f739d_51ae2c1951.pdf,Laporan Bulanan Registrasi Pemegang Efek [],AADI,https://www.idx.co.id/StaticData/NewsAndAnnouncement/ANNOUNCEMENTSTOCK/From_EREP/202511/9e947b0447_8264758d05.pdf,20251105_AADI_Laporan Bulanan Registrasi Pemegang Efek/Perubahan Struktur Pemegang Saham_31982561_lamp1.pdf,,
"19 Nov 2025
					17:19:44",https://www.idx.co.id/StaticData/NewsAndAnnouncement/ANNOUNCEMENTSTOCK/From_EREP/202511/1065a3186b_459063f580.pdf,Kurs Konversi Dividen Tunai Interim Tahun Buku 2025 [],AADI,https://www.idx.co.id/StaticData/NewsAndAnnouncement/ANNOUNCEMENTSTOCK/From_EREP/202511/4eb9d413e2_65eab27a1c.pdf,20251118_AADI_Laporan Informasi dan Fakta Material_31986066_lamp1.pdf,https://www.idx.co.id/StaticData/NewsAndAnnouncement/ANNOUNCEMENTSTOCK/From_EREP/202511/5f3a8f258d_ce4f02f0cd.pdf,20251118_AADI_Laporan Informasi dan Fakta Material_31986066_lamp2.pdf
"06 Nov 2025
					16:28:15",https://www.idx.co.id/StaticData/NewsAndAnnouncement/ANNOUNCEMENTSTOCK/From_EREP/202511/bcf365aab1_5290e7e6ac.pdf,Laporan Bulanan Registrasi Pemegang Efek [],ACES,https://www.idx.co.id/StaticData/NewsAndAnnouncement/ANNOUNCEMENTSTOCK/From_EREP/202511/030f2dbafc_76292c48b6.pdf,20251106_ACES_Laporan Bulanan Registrasi Pemegang Efek/Perubahan Struktur Pemegang Saham_31982903_lamp1.pdf,,
"21 Nov 2025
					09:22:54",https://www.idx.co.id/StaticData/NewsAndAnnouncement/ANNOUNCEMENTSTOCK/From_EREP/202511/083cce6265_08950dbf23.pdf,Perubahan Internal Audit [],ACES,https://www.idx.co.id/StaticData/NewsAndAnnouncement/ANNOUNCEMENTSTOCK/From_EREP/202511/0945dc91f7_0ec4d45bdd.pdf,20251121_ACES_Perubahan Corsec Komite Audit Alamat NPWP Internal Audit_31986837_lamp1.pdf,,
"07 Nov 2025
					16:02:29",https://www.idx.co.id/StaticData/NewsAndAnnouncement/ANNOUNCEMENTSTOCK/From_EREP/202511/ea6b84520d_ea26c2f31e.pdf,Laporan Bulanan Registrasi Pemegang Efek [],ADMR,https://www.idx.co.id/StaticData/NewsAndAnnouncement/ANNOUNCEMENTSTOCK/From_EREP/202511/8de4a14081_e3efa19584.pdf,20251107_ADMR_Laporan Bulanan Registrasi Pemegang Efek/Perubahan Struktur Pemegang Saham_31983416_lamp1.pdf,,
"07 Nov 2025
					15:59:13",https://www.idx.co.id/StaticData/NewsAndAnnouncement/ANNOUNCEMENTSTOCK/From_EREP/202511/fedc6b4235_0e747fe34e.pdf,Laporan Bulanan Registrasi Pemegang Efek [],ADRO,https://www.idx.co.id/StaticData/NewsAndAnnouncement/ANNOUNCEMENTSTOCK/From_EREP/202511/c629669051_6dde616871.pdf,20251106_ADRO_Laporan Bulanan Registrasi Pemegang Efek/Perubahan Struktur Pemegang Saham_31983228_lamp1.pdf,,
"07 Nov 2025
					17:32:15",https://www.idx.co.id/StaticData/NewsAndAnnouncement/ANNOUNCEMENTSTOCK/From_EREP/202511/6fa45dba4b_5161352364.pdf,Laporan Bulanan Registrasi Pemegang Efek [],AKRA,https://www.idx.co.id/StaticData/NewsAndAnnouncement/ANNOUNCEMENTSTOCK/From_EREP/202511/22a0af218b_79208c9810.pdf,20251107_AKRA_Laporan Bulanan Registrasi Pemegang Efek/Perubahan Struktur Pemegang Saham_31983788_lamp1.pdf,,
"01 Nov 2025
					10:01:10",https://www.idx.co.id/StaticData/NewsAndAnnouncement/ANNOUNCEMENTSTOCK/From_EREP/202511/cbb4ea5fb3_4dd92884ec.pdf,AMMAN Peroleh Rekomendasi Ekspor Konsentrat Tembaga dari ESDM hingga April 2026 [],AMMN,https://www.idx.co.id/StaticData/NewsAndAnnouncement/ANNOUNCEMENTSTOCK/From_EREP/202511/0199696884_b1095ce337.pdf,20251101_AMMN_Laporan Informasi dan Fakta Material_31981365_lamp1.pdf,https://www.idx.co.id/StaticData/NewsAndAnnouncement/ANNOUNCEMENTSTOCK/From_EREP/202511/500c19717a_22f4a585c4.pdf,20251101_AMMN_Laporan Informasi dan Fakta Material_31981365_lamp2.pdf
"10 Nov 2025
					16:20:34",https://www.idx.co.id/StaticData/NewsAndAnnouncement/ANNOUNCEMENTSTOCK/From_EREP/202511/cab10e63d6_5db1022908.pdf,Laporan Bulanan Registrasi Pemegang Efek [],AMMN,https://www.idx.co.id/StaticData/NewsAndAnnouncement/ANNOUNCEMENTSTOCK/From_EREP/202511/036003b2c4_8a2304257b.pdf,20251110_AMMN_Laporan Bulanan Registrasi Pemegang Efek/Perubahan Struktur Pemegang Saham_31983969_lamp5.pdf,https://www.idx.co.id/StaticData/NewsAndAnnouncement/ANNOUNCEMENTSTOCK/From_EREP/202511/0744fd1c2e_11e610d38b.pdf,20251110_AMMN_Laporan Bulanan Registrasi Pemegang Efek/Perubahan Struktur Pemegang Saham_31983969_lamp4.pdf
"28 Nov 2025
					16:54:32",https://www.idx.co.id/StaticData/NewsAndAnnouncement/ANNOUNCEMENTSTOCK/From_EREP/202511/716a72249a_f91cf9f8a1.pdf,Laporan Kepemilikan atau Setiap Perubahan Kepemilikan Saham Perusahaan Terbuka [],AMMN,https://www.idx.co.id/StaticData/NewsAndAnnouncement/ANNOUNCEMENTSTOCK/From_EREP/202511/95c2b3d1b7_448fff1c09.pdf,20251128_AMMN_Laporan Kepemilikan atau Setiap Perubahan Kepemilikan Saham Perusahaan Terbuka_31988363_lamp1.pdf,,
"06 Nov 2025
					14:03:38",https://www.idx.co.id/StaticData/NewsAndAnnouncement/ANNOUNCEMENTSTOCK/From_EREP/202511/029b1c8f86_deb7f16dff.pdf,Laporan Bulanan Registrasi Pemegang Efek [],AMRT,,,,
"05 Nov 2025
					20:43:16",https://www.idx.co.id/StaticData/NewsAndAnnouncement/ANNOUNCEMENTSTOCK/From_EREP/202511/4383309cc9_57c0902c13.pdf,Laporan Kepemilikan atau Setiap Perubahan Kepemilikan Saham Perusahaan Terbuka [],ANTM,https://www.idx.co.id/StaticData/NewsAndAnnouncement/ANNOUNCEMENTSTOCK/From_EREP/202511/37a5315235_4157f02aa5.pdf,20251105_ANTM_Laporan Kepemilikan atau Setiap Perubahan Kepemilikan Saham Perusahaan Terbuka_31982840_lamp2.pdf,https://www.idx.co.id/StaticData/NewsAndAnnouncement/ANNOUNCEMENTSTOCK/From_EREP/202511/faeaeac5af_8d6c74674d.pdf,20251105_ANTM_Laporan Kepemilikan atau Setiap Perubahan Kepemilikan Saham Perusahaan Terbuka_31982840_lamp1.pdf
"06 Nov 2025
					16:08:57",https://www.idx.co.id/StaticData/NewsAndAnnouncement/ANNOUNCEMENTSTOCK/From_EREP/202511/96b60a4aae_4fd5d07269.pdf,Pemberitahuan Rencana Rapat Umum Pemegang Saham Luar Biasa [],ANTM,https://www.idx.co.id/StaticData/NewsAndAnnouncement/ANNOUNCEMENTSTOCK/From_EREP/202511/48feb8cac8_fae7cd3180.pdf,20251106_ANTM_Pengumuman RUPS_31983242_lamp1.pdf,https://www.idx.co.id/StaticData/NewsAndAnnouncement/ANNOUNCEMENTSTOCK/From_EREP/202511/4e2ac52133_f405f82288.pdf,20251106_ANTM_Pengumuman RUPS_31983242_lamp3.pdf
"06 Nov 2025
					17:03:35",https://www.idx.co.id/StaticData/NewsAndAnnouncement/ANNOUNCEMENTSTOCK/From_EREP/202511/a0b7dfd078_a365b8eec3.pdf,Laporan Bulanan Registrasi Pemegang Efek [],ANTM,https://www.idx.co.id/StaticData/NewsAndAnnouncement/ANNOUNCEMENTSTOCK/From_EREP/202511/6bc6785fc6_0c048ba9fd.pdf,20251106_ANTM_Laporan Bulanan Registrasi Pemegang Efek/Perubahan Struktur Pemegang Saham_31983283_lamp1.pdf,,
"07 Nov 2025
					14:33:15",https://www.idx.co.id/StaticData/NewsAndAnnouncement/ANNOUNCEMENTSTOCK/From_EREP/202511/5bf612caea_fefb97f9de.pdf,Penyampaian Bukti Iklan Pemberitahuan RUPS [],ANTM,https://www.idx.co.id/StaticData/NewsAndAnnouncement/ANNOUNCEMENTSTOCK/From_EREP/202511/537ceb4005_b62762f58d.pdf,20251107_ANTM_Penyampaian Bukti Iklan_31983618_lamp1.pdf,https://www.idx.co.id/StaticData/NewsAndAnnouncement/ANNOUNCEMENTSTOCK/From_EREP/202511/a37bc70107_986196f718.pdf,20251107_ANTM_Penyampaian Bukti Iklan_31983618_lamp3.pdf
"10 Nov 2025
					19:57:58",https://www.idx.co.id/StaticData/NewsAndAnnouncement/ANNOUNCEMENTSTOCK/From_EREP/202511/b19559c4f5_426c591778.pdf,Laporan Kepemilikan atau Setiap Perubahan Kepemilikan Saham Perusahaan Terbuka [],ANTM,https://www.idx.co.id/StaticData/NewsAndAnnouncement/ANNOUNCEMENTSTOCK/From_EREP/202511/44b8fb407f_3e1a184e80.pdf,20251110_ANTM_Laporan Kepemilikan atau Setiap Perubahan Kepemilikan Saham Perusahaan Terbuka_31984327_lamp1.pdf,https://www.idx.co.id/StaticData/NewsAndAnnouncement/ANNOUNCEMENTSTOCK/From_EREP/202511/7505392b05_35b7733e33.pdf,20251110_ANTM_Laporan Kepemilikan atau Setiap Perubahan Kepemilikan Saham Perusahaan Terbuka_31984327_lamp2.pdf
"13 Nov 2025
					09:05:51",https://www.idx.co.id/StaticData/NewsAndAnnouncement/ANNOUNCEMENTSTOCK/From_EREP/202511/da47f3ec95_c049fc4ae8.pdf,Laporan Kepemilikan atau Setiap Perubahan Kepemilikan Saham Perusahaan Terbuka [],ANTM,https://www.idx.co.id/StaticData/NewsAndAnnouncement/ANNOUNCEMENTSTOCK/From_EREP/202511/02cd888a0b_8d72e5650d.pdf,20251113_ANTM_Laporan Kepemilikan atau Setiap Perubahan Kepemilikan Saham Perusahaan Terbuka_31984961_lamp1.pdf,https://www.idx.co.id/StaticData/NewsAndAnnouncement/ANNOUNCEMENTSTOCK/From_EREP/202511/04b9d1d592_9f717c9d63.pdf,20251113_ANTM_Laporan Kepemilikan atau Setiap Perubahan Kepemilikan Saham Perusahaan Terbuka_31984961_lamp2.pdf
"19 Nov 2025
					16:16:03",https://www.idx.co.id/StaticData/NewsAndAnnouncement/ANNOUNCEMENTSTOCK/From_EREP/202511/5c904732a7_4a415275aa.pdf,Laporan Informasi atau Fakta Material [],ANTM,https://www.idx.co.id/StaticData/NewsAndAnnouncement/ANNOUNCEMENTSTOCK/From_EREP/202511/9b73b5fc38_0add43147a.pdf,20251119_ANTM_Laporan Informasi dan Fakta Material_31986352_lamp1.pdf,,
"21 Nov 2025
					18:33:49",https://www.idx.co.id/StaticData/NewsAndAnnouncement/ANNOUNCEMENTSTOCK/From_EREP/202511/62396a823e_fe68eac1f9.pdf,Pemanggilan Rapat Umum Pemegang Saham Luar Biasa [],ANTM,https://www.idx.co.id/StaticData/NewsAndAnnouncement/ANNOUNCEMENTSTOCK/From_EREP/202511/48e5147cdb_c69787966a.pdf,20251121_ANTM_Pemanggilan RUPS_31987078_lamp4.pdf,https://www.idx.co.id/StaticData/NewsAndAnnouncement/ANNOUNCEMENTSTOCK/From_EREP/202511/8bc4b2d5e4_c57a50e7da.pdf,20251121_ANTM_Pemanggilan RUPS_31987078_lamp1.pdf
"24 Nov 2025
					18:28:26",https://www.idx.co.id/StaticData/NewsAndAnnouncement/ANNOUNCEMENTSTOCK/From_EREP/202511/f4b4a21c55_20ec14e9b3.pdf,Penyampaian Bukti Iklan Panggilan RUPS [],ANTM,https://www.idx.co.id/StaticData/NewsAndAnnouncement/ANNOUNCEMENTSTOCK/From_EREP/202511/97bce3c557_49cb390f0a.pdf,20251124_ANTM_Penyampaian Bukti Iklan_31987371_lamp1.pdf,https://www.idx.co.id/StaticData/NewsAndAnnouncement/ANNOUNCEMENTSTOCK/From_EREP/202511/dbff3f16b5_82b4989a59.pdf,20251124_ANTM_Penyampaian Bukti Iklan_31987371_lamp2.pdf
"28 Nov 2025
					15:32:07",https://www.idx.co.id/StaticData/NewsAndAnnouncement/ANNOUNCEMENTSTOCK/From_EREP/202511/1da8eeae0c_1b27a73639.pdf,ANTAM Raih Indonesian Circular Economy Awards 2025 [],ANTM,https://www.idx.co.id/StaticData/NewsAndAnnouncement/ANNOUNCEMENTSTOCK/From_EREP/202511/0d037c2ef3_447e41e4e1.pdf,20251128_ANTM_Laporan Informasi dan Fakta Material_31988435_lamp2.pdf,https://www.idx.co.id/StaticData/NewsAndAnnouncement/ANNOUNCEMENTSTOCK/From_EREP/202511/d5703b40f3_9490728b6a.pdf,20251128_ANTM_Laporan Informasi dan Fakta Material_31988435_lamp1.pdf
"28 Nov 2025
					15:40:35",https://www.idx.co.id/StaticData/NewsAndAnnouncement/ANNOUNCEMENTSTOCK/From_EREP/202511/9d03590a32_b20ae419c9.pdf,"Konsisten Tingkatkan Layanan, ANTAM Raih Customer Service Quality Award 2025 []",ANTM,https://www.idx.co.id/StaticData/NewsAndAnnouncement/ANNOUNCEMENTSTOCK/From_EREP/202511/4c4c95ea91_9d058599cb.pdf,20251128_ANTM_Laporan Informasi dan Fakta Material_31988440_lamp2.pdf,https://www.idx.co.id/StaticData/NewsAndAnnouncement/ANNOUNCEMENTSTOCK/From_EREP/202511/4e19161623_baad7ce0f0.pdf,20251128_ANTM_Laporan Informasi dan Fakta Material_31988440_lamp1.pdf
"28 Nov 2025
					17:49:03",https://www.idx.co.id/StaticData/NewsAndAnnouncement/ANNOUNCEMENTSTOCK/From_EREP/202511/ee5d39bcbc_d34d3da1d7.pdf,ANTAM Tegaskan Komitmen Tata Kelola dengan Predikat Sangat Terpercaya CGPI 2024 [],ANTM,https://www.idx.co.id/StaticData/NewsAndAnnouncement/ANNOUNCEMENTSTOCK/From_EREP/202511/6f29226547_368618550b.pdf,20251128_ANTM_Laporan Informasi dan Fakta Material_31988544_lamp1.pdf,https://www.idx.co.id/StaticData/NewsAndAnnouncement/ANNOUNCEMENTSTOCK/From_EREP/202511/bb5f2dddfa_47ca737add.pdf,20251128_ANTM_Laporan Informasi dan Fakta Material_31988544_lamp2.pdf
"06 Nov 2025
					16:41:45",https://www.idx.co.id/StaticData/NewsAndAnnouncement/ANNOUNCEMENTSTOCK/From_EREP/202511/2844f39406_fcbf911027.pdf,Laporan Bulanan Registrasi Pemegang Efek [],ARTO,https://www.idx.co.id/StaticData/NewsAndAnnouncement/ANNOUNCEMENTSTOCK/From_EREP/202511/25b9cb54fa_ac24da2d9b.pdf,20251106_ARTO_Laporan Bulanan Registrasi Pemegang Efek/Perubahan Struktur Pemegang Saham_31983133_lamp1.pdf,https://www.idx.co.id/StaticData/NewsAndAnnouncement/ANNOUNCEMENTSTOCK/From_EREP/202511/2bf2034a37_bee7ccfa2f.pdf,20251106_ARTO_Laporan Bulanan Registrasi Pemegang Efek/Perubahan Struktur Pemegang Saham_31983133_lamp2.pdf
"21 Nov 2025
					14:03:25",https://www.idx.co.id/StaticData/NewsAndAnnouncement/ANNOUNCEMENTSTOCK/From_EREP/202511/81f07f764c_bbda6a5fec.pdf,Keterbukaan Informasi Jadwal Pelaksanaan Program MESOP Tahap I Periode II  Tahun 2025 dan Tahap II Periode II Tahun 2025 [],ARTO,https://www.idx.co.id/StaticData/NewsAndAnnouncement/ANNOUNCEMENTSTOCK/From_EREP/202511/a4c82bf32d_852c37729f.pdf,20251121_ARTO_Laporan Informasi dan Fakta Material_31986881_lamp2.pdf,https://www.idx.co.id/StaticData/NewsAndAnnouncement/ANNOUNCEMENTSTOCK/From_EREP/202511/c975551cfa_1b9f66c900.pdf,20251121_ARTO_Laporan Informasi dan Fakta Material_31986881_lamp1.pdf
"07 Nov 2025
					16:38:28",https://www.idx.co.id/StaticData/NewsAndAnnouncement/ANNOUNCEMENTSTOCK/From_EREP/202511/00ed000484_18b9d8b41c.pdf,Laporan Bulanan Registrasi Pemegang Efek [],ASII,https://www.idx.co.id/StaticData/NewsAndAnnouncement/ANNOUNCEMENTSTOCK/From_EREP/202511/186f1f760a_8a1bb29144.pdf,20251105_ASII_Laporan Bulanan Registrasi Pemegang Efek/Perubahan Struktur Pemegang Saham_31982359_lamp1.pdf,,
"19 Nov 2025
					17:49:42",https://www.idx.co.id/StaticData/NewsAndAnnouncement/ANNOUNCEMENTSTOCK/From_EREP/202511/445362c760_7d0f893509.pdf,Ringkasan Risalah Rapat Umum Para Pemegang Saham Luar Biasa [],ASII,https://www.idx.co.id/StaticData/NewsAndAnnouncement/ANNOUNCEMENTSTOCK/From_EREP/202511/0a66ef0ee8_f0b4afa440.pdf,20251119_ASII_Ringkasan Risalah/Risalah RUPS_31986376_lamp1.pdf,https://www.idx.co.id/StaticData/NewsAndAnnouncement/ANNOUNCEMENTSTOCK/From_EREP/202511/39f3779e40_b7364459eb.pdf,20251119_ASII_Ringkasan Risalah/Risalah RUPS_31986376_lamp3.pdf
"21 Nov 2025
					17:06:22",https://www.idx.co.id/StaticData/NewsAndAnnouncement/ANNOUNCEMENTSTOCK/From_EREP/202511/dadde8c5ea_f52b0653ee.pdf,Perubahan Komite Audit [],ASII,https://www.idx.co.id/StaticData/NewsAndAnnouncement/ANNOUNCEMENTSTOCK/From_EREP/202511/97839245e1_99e8f336cf.pdf,20251121_ASII_Perubahan Corsec Komite Audit Alamat NPWP Internal Audit_31986830_lamp1.pdf,,
"06 Nov 2025
					17:39:56",https://www.idx.co.id/StaticData/NewsAndAnnouncement/ANNOUNCEMENTSTOCK/From_EREP/202511/561cad0ba6_d3cb241d45.pdf,Laporan Bulanan Registrasi Pemegang Efek [],BBCA,,,,
"21 Nov 2025
					17:16:58",https://www.idx.co.id/StaticData/NewsAndAnnouncement/ANNOUNCEMENTSTOCK/From_EREP/202511/d89f85a0b0_793ae90a1c.pdf,Penyampaian Laporan Tahunan & Keberlanjutan dan ESG (KOREKSI) [],BBCA,https://www.idx.co.id/StaticData/NewsAndAnnouncement/ANNOUNCEMENTSTOCK/From_EREP/202511/8b3ae9c185_8d14a18329.pdf,AnnualReport2024-BBCA-att2.pdf,https://www.idx.co.id/StaticData/NewsAndAnnouncement/ANNOUNCEMENTSTOCK/From_EREP/202511/cab16f71cd_0fad22895f.pdf,AnnualReport2024-BBCA-att4.pdf
"24 Nov 2025
					18:30:38",https://www.idx.co.id/StaticData/NewsAndAnnouncement/ANNOUNCEMENTSTOCK/From_EREP/202511/8a5be55aaa_168802ad54.pdf,Jadwal Dividen Tunai Interim [],BBCA,https://www.idx.co.id/StaticData/NewsAndAnnouncement/ANNOUNCEMENTSTOCK/From_EREP/202511/156be3dab1_68019fd5a0.pdf,20251124_BBCA_Jadwal Aksi Korporasi (Khusus Penyampaian Dividen Interim)_31987263_lamp1.pdf,https://www.idx.co.id/StaticData/NewsAndAnnouncement/ANNOUNCEMENTSTOCK/From_EREP/202511/3562191316_eaefc15e6a.pdf,20251124_BBCA_Jadwal Aksi Korporasi (Khusus Penyampaian Dividen Interim)_31987263_lamp2.pdf
"06 Nov 2025
					16:19:40",https://www.idx.co.id/StaticData/NewsAndAnnouncement/ANNOUNCEMENTSTOCK/From_EREP/202511/b9a6d87d34_8cb0a500f2.pdf,Pemberitahuan Rencana Rapat Umum Pemegang Saham Luar Biasa [],BBNI,https://www.idx.co.id/StaticData/NewsAndAnnouncement/ANNOUNCEMENTSTOCK/From_EREP/202511/4b95606696_b70172e70f.pdf,20251106_BBNI_Pengumuman RUPS_31983153_lamp1.pdf,,
"06 Nov 2025
					17:40:32",https://www.idx.co.id/StaticData/NewsAndAnnouncement/ANNOUNCEMENTSTOCK/From_EREP/202511/f0cb8fac56_221eef06ba.pdf,Penyampaian Bukti Iklan Pemberitahuan RUPS [],BBNI,https://www.idx.co.id/StaticData/NewsAndAnnouncement/ANNOUNCEMENTSTOCK/From_EREP/202511/4d447bc8ce_f2bc7fe4be.pdf,20251106_BBNI_Penyampaian Bukti Iklan_31983289_lamp1.pdf,,
"10 Nov 2025
					17:53:53",https://www.idx.co.id/StaticData/NewsAndAnnouncement/ANNOUNCEMENTSTOCK/From_EREP/202511/09a49684c6_3c4939534a.pdf,Laporan Bulanan Registrasi Pemegang Efek [],BBNI,https://www.idx.co.id/StaticData/NewsAndAnnouncement/ANNOUNCEMENTSTOCK/From_EREP/202511/8847dc307f_1d1360e737.pdf,20251110_BBNI_Laporan Bulanan Registrasi Pemegang Efek/Perubahan Struktur Pemegang Saham_31984170_lamp1.pdf,,
"21 Nov 2025
					21:49:24",https://www.idx.co.id/StaticData/NewsAndAnnouncement/ANNOUNCEMENTSTOCK/From_EREP/202511/d119361125_c9b8c330dc.pdf,Pemanggilan Rapat Umum Pemegang Saham Luar Biasa [],BBNI,https://www.idx.co.id/StaticData/NewsAndAnnouncement/ANNOUNCEMENTSTOCK/From_EREP/202511/f26e5e78d1_fe85b2df80.pdf,20251121_BBNI_Pemanggilan RUPS_31987094_lamp1.pdf,,
"21 Nov 2025
					23:28:00",https://www.idx.co.id/StaticData/NewsAndAnnouncement/ANNOUNCEMENTSTOCK/From_EREP/202511/dcee02d89c_bd276d9d95.pdf,Penyampaian Bukti Iklan Panggilan RUPS [],BBNI,https://www.idx.co.id/StaticData/NewsAndAnnouncement/ANNOUNCEMENTSTOCK/From_EREP/202511/df10a6cecd_3b6ea1c7ca.pdf,20251121_BBNI_Penyampaian Bukti Iklan_31987098_lamp1.pdf,,
"10 Nov 2025
					16:57:13",https://www.idx.co.id/StaticData/NewsAndAnnouncement/ANNOUNCEMENTSTOCK/From_EREP/202511/cbc196fdbf_deb5c4867a.pdf,Pemberitahuan Rencana Rapat Umum Pemegang Saham Luar Biasa [],BBRI,https://www.idx.co.id/StaticData/NewsAndAnnouncement/ANNOUNCEMENTSTOCK/From_EREP/202511/0dc78b0d69_964c56ca38.pdf,20251110_BBRI_Pengumuman RUPS_31984143_lamp3.pdf,https://www.idx.co.id/StaticData/NewsAndAnnouncement/ANNOUNCEMENTSTOCK/From_EREP/202511/2b19e83666_64709d2b5d.pdf,20251110_BBRI_Pengumuman RUPS_31984143_lamp2.pdf
"10 Nov 2025
					17:58:14",https://www.idx.co.id/StaticData/NewsAndAnnouncement/ANNOUNCEMENTSTOCK/From_EREP/202511/722b637fa9_8ee654eb27.pdf,Perubahan Struktur Pemegang Saham [],BBRI,https://www.idx.co.id/StaticData/NewsAndAnnouncement/ANNOUNCEMENTSTOCK/From_EREP/202511/d49ae935f9_eacd2e7738.pdf,20251110_BBRI_Laporan Bulanan Registrasi Pemegang Efek/Perubahan Struktur Pemegang Saham_31983994_lamp2.pdf,https://www.idx.co.id/StaticData/NewsAndAnnouncement/ANNOUNCEMENTSTOCK/From_EREP/202511/fdc3dcb4c9_167282fca0.pdf,20251110_BBRI_Laporan Bulanan Registrasi Pemegang Efek/Perubahan Struktur Pemegang Saham_31983994_lamp1.pdf
"11 Nov 2025
					16:55:42",https://www.idx.co.id/StaticData/NewsAndAnnouncement/ANNOUNCEMENTSTOCK/From_EREP/202511/ec9743a146_bc8c3ad31d.pdf,Penyampaian Bukti Iklan Pemberitahuan RUPS [],BBRI,https://www.idx.co.id/StaticData/NewsAndAnnouncement/ANNOUNCEMENTSTOCK/From_EREP/202511/0b9826b707_51b88c7626.pdf,20251111_BBRI_Penyampaian Bukti Iklan_31984369_lamp1.pdf,https://www.idx.co.id/StaticData/NewsAndAnnouncement/ANNOUNCEMENTSTOCK/From_EREP/202511/64aca4a7d5_666e7ed723.pdf,20251111_BBRI_Penyampaian Bukti Iklan_31984369_lamp2.pdf
"25 Nov 2025
					20:11:59",https://www.idx.co.id/StaticData/NewsAndAnnouncement/ANNOUNCEMENTSTOCK/From_EREP/202511/ef210aa097_cf9264ee4a.pdf,Pemanggilan Rapat Umum Pemegang Saham Luar Biasa [],BBRI,https://www.idx.co.id/StaticData/NewsAndAnnouncement/ANNOUNCEMENTSTOCK/From_EREP/202511/00320150bf_33f505cb7f.pdf,20251125_BBRI_Pemanggilan RUPS_31987669_lamp1.pdf,https://www.idx.co.id/StaticData/NewsAndAnnouncement/ANNOUNCEMENTSTOCK/From_EREP/202511/2f3f2eb1a4_a81e855bdd.pdf,20251125_BBRI_Pemanggilan RUPS_31987669_lamp2.pdf
"26 Nov 2025
					10:27:54",https://www.idx.co.id/StaticData/NewsAndAnnouncement/ANNOUNCEMENTSTOCK/From_EREP/202511/79277a7213_69b83e312c.pdf,Penyampaian Bukti Iklan Panggilan RUPS [],BBRI,https://www.idx.co.id/StaticData/NewsAndAnnouncement/ANNOUNCEMENTSTOCK/From_EREP/202511/e4c8867999_53280f666a.pdf,20251126_BBRI_Penyampaian Bukti Iklan_31987723_lamp2.pdf,https://www.idx.co.id/StaticData/NewsAndAnnouncement/ANNOUNCEMENTSTOCK/From_EREP/202511/ec681b3db4_743cadca41.pdf,20251126_BBRI_Penyampaian Bukti Iklan_31987723_lamp1.pdf
"05 Nov 2025
					19:08:12",https://www.idx.co.id/StaticData/NewsAndAnnouncement/ANNOUNCEMENTSTOCK/From_EREP/202511/0e20dff393_8a8af22844.pdf,Pengunduran Diri Anggota Dewan Pengawas Syariah Perseroan [],BBTN,https://www.idx.co.id/StaticData/NewsAndAnnouncement/ANNOUNCEMENTSTOCK/From_EREP/202511/a525d6cf8f_f010875fdd.pdf,20251105_BBTN_Laporan Informasi dan Fakta Material_31982806_lamp1.pdf,,
"07 Nov 2025
					19:31:34",https://www.idx.co.id/StaticData/NewsAndAnnouncement/ANNOUNCEMENTSTOCK/From_EREP/202511/5c00fb9af9_4135d86ab3.pdf,Laporan Bulanan Registrasi Pemegang Efek [],BBTN,https://www.idx.co.id/StaticData/NewsAndAnnouncement/ANNOUNCEMENTSTOCK/From_EREP/202511/522557df70_4f0c8cc8cd.pdf,20251105_BBTN_Laporan Bulanan Registrasi Pemegang Efek/Perubahan Struktur Pemegang Saham_31982430_lamp1.pdf,,
"13 Nov 2025
					16:14:28",https://www.idx.co.id/StaticData/NewsAndAnnouncement/ANNOUNCEMENTSTOCK/From_EREP/202511/0dc37816c4_67537f9641.pdf,Pemberitahuan Rencana Rapat Umum Pemegang Saham Luar Biasa [],BBTN,https://www.idx.co.id/StaticData/NewsAndAnnouncement/ANNOUNCEMENTSTOCK/From_EREP/202511/02a701b012_915c392f26.pdf,20251112_BBTN_Pengumuman RUPS_31984649_lamp1.pdf,,
"13 Nov 2025
					18:13:02",https://www.idx.co.id/StaticData/NewsAndAnnouncement/ANNOUNCEMENTSTOCK/From_EREP/202511/a96382bde0_32d1da958a.pdf,Perubahan Jadwal Rapat Umum Pemegang Saham Luar Biasa [],BBTN,https://www.idx.co.id/StaticData/NewsAndAnnouncement/ANNOUNCEMENTSTOCK/From_EREP/202511/6e4bbd1bbb_d83811b6c8.pdf,20251113_BBTN_Pemanggilan RUPS_31985168_lamp1.pdf,,
"14 Nov 2025
					16:39:44",https://www.idx.co.id/StaticData/NewsAndAnnouncement/ANNOUNCEMENTSTOCK/From_EREP/202511/7991b77b2d_1e2144b012.pdf,Penyampaian Bukti Iklan Pemberitahuan RUPS [],BBTN,https://www.idx.co.id/StaticData/NewsAndAnnouncement/ANNOUNCEMENTSTOCK/From_EREP/202511/75d5e5313b_c63dccfed7.pdf,20251114_BBTN_Penyampaian Bukti Iklan_31985430_lamp1.pdf,,
"14 Nov 2025
					16:40:03",https://www.idx.co.id/StaticData/NewsAndAnnouncement/ANNOUNCEMENTSTOCK/From_EREP/202511/a2c32a0e03_047c3fe07b.pdf,Penyampaian Bukti Iklan Ralat Pemanggilan RUPS LB  [],BBTN,https://www.idx.co.id/StaticData/NewsAndAnnouncement/ANNOUNCEMENTSTOCK/From_EREP/202511/18d44b862d_2406d26fc2.pdf,20251114_BBTN_Penyampaian Bukti Iklan_31985436_lamp1.pdf,,
"19 Nov 2025
					22:14:33",https://www.idx.co.id/StaticData/NewsAndAnnouncement/ANNOUNCEMENTSTOCK/From_EREP/202511/6bf75a4a79_25d4120869.pdf,Ringkasan Risalah Rapat Umum Para Pemegang Saham Luar Biasa [],BBTN,https://www.idx.co.id/StaticData/NewsAndAnnouncement/ANNOUNCEMENTSTOCK/From_EREP/202511/420c0395a9_e2e5ac3381.pdf,20251119_BBTN_Ringkasan Risalah/Risalah RUPS_31986459_lamp1.pdf,https://www.idx.co.id/StaticData/NewsAndAnnouncement/ANNOUNCEMENTSTOCK/From_EREP/202511/de713c6e67_adbe5ce9dc.pdf,20251119_BBTN_Ringkasan Risalah/Risalah RUPS_31986459_lamp2.pdf
"20 Nov 2025
					20:14:20",https://www.idx.co.id/StaticData/NewsAndAnnouncement/ANNOUNCEMENTSTOCK/From_EREP/202511/9bc92158af_2d1714db13.pdf,Penyampaian Bukti Iklan Hasil RUPS [],BBTN,https://www.idx.co.id/StaticData/NewsAndAnnouncement/ANNOUNCEMENTSTOCK/From_EREP/202511/b45f52c3bf_5c14cca56d.pdf,20251120_BBTN_Penyampaian Bukti Iklan_31986515_lamp1.pdf,,
"21 Nov 2025
					16:11:41",https://www.idx.co.id/StaticData/NewsAndAnnouncement/ANNOUNCEMENTSTOCK/From_EREP/202511/9bf03c76ef_4a6d2a2563.pdf,Penyampaian Prospektus [],BBTN,https://www.idx.co.id/StaticData/NewsAndAnnouncement/ANNOUNCEMENTSTOCK/From_EREP/202511/7e9d48b724_15d4af80ca.pdf,20251121_BBTN_Penyampaian Prospektus/Informasi Tambahan_31986864_lamp1.pdf,,
"24 Nov 2025
					21:39:15",https://www.idx.co.id/StaticData/NewsAndAnnouncement/ANNOUNCEMENTSTOCK/From_EREP/202511/2ea8314f4b_9f9625c42b.pdf,Penyampaian Bukti Iklan Prospektus Ringkas Penawaran Umum Berkelanjutan Obligasi Berwawasan Sosial Berkelanjutan I dan Obligasi Subordinasi Berkelanjutan I [],BBTN,https://www.idx.co.id/StaticData/NewsAndAnnouncement/ANNOUNCEMENTSTOCK/From_EREP/202511/7e5563f6c6_9ebf40c675.pdf,20251124_BBTN_Penyampaian Bukti Iklan_31987186_lamp1.pdf,,
"25 Nov 2025
					20:07:41",https://www.idx.co.id/StaticData/NewsAndAnnouncement/ANNOUNCEMENTSTOCK/From_EREP/202511/38389709e6_67c8ec7791.pdf,Informasi Kupon [],BBTN,https://www.idx.co.id/StaticData/NewsAndAnnouncement/ANNOUNCEMENTSTOCK/From_EREP/202511/ce6e77916b_a554ab1491.pdf,20251125_BBTN_Pembayaran Kupon/Bagi Hasil/Ijarah/Pokok_31987574_lamp1.pdf,,
"28 Nov 2025
					12:57:03",https://www.idx.co.id/StaticData/NewsAndAnnouncement/ANNOUNCEMENTSTOCK/From_EREP/202511/17586990fd_995ea38e31.pdf,Pemanggilan Rapat Umum Pemegang Saham Luar Biasa [],BBTN,https://www.idx.co.id/StaticData/NewsAndAnnouncement/ANNOUNCEMENTSTOCK/From_EREP/202511/0a43eaaf41_41c8a19258.pdf,20251127_BBTN_Pemanggilan RUPS_31988105_lamp1.pdf,,
"07 Nov 2025
					19:46:50",https://www.idx.co.id/StaticData/NewsAndAnnouncement/ANNOUNCEMENTSTOCK/From_EREP/202511/52ca88cc23_0e5f005862.pdf,Laporan Bulanan Registrasi Pemegang Efek [],BMRI,https://www.idx.co.id/StaticData/NewsAndAnnouncement/ANNOUNCEMENTSTOCK/From_EREP/202511/2e904e9da6_661e7a840e.pdf,20251106_BMRI_Laporan Bulanan Registrasi Pemegang Efek/Perubahan Struktur Pemegang Saham_31983212_lamp5.pdf,https://www.idx.co.id/StaticData/NewsAndAnnouncement/ANNOUNCEMENTSTOCK/From_EREP/202511/59977ff06c_ec6f5f434e.pdf,20251106_BMRI_Laporan Bulanan Registrasi Pemegang Efek/Perubahan Struktur Pemegang Saham_31983212_lamp2.pdf
"07 Nov 2025
					19:48:00",https://www.idx.co.id/StaticData/NewsAndAnnouncement/ANNOUNCEMENTSTOCK/From_EREP/202511/bc9f8310d8_30be8a8f90.pdf,Laporan Kepemilikan atau Setiap Perubahan Kepemilikan Saham Perusahaan Terbuka [],BMRI,https://www.idx.co.id/StaticData/NewsAndAnnouncement/ANNOUNCEMENTSTOCK/From_EREP/202511/69dddceb21_e240f1d7a9.pdf,20251107_BMRI_Laporan Kepemilikan atau Setiap Perubahan Kepemilikan Saham Perusahaan Terbuka_31983829_lamp2.pdf,https://www.idx.co.id/StaticData/NewsAndAnnouncement/ANNOUNCEMENTSTOCK/From_EREP/202511/b82720adfc_311d977aea.pdf,20251107_BMRI_Laporan Kepemilikan atau Setiap Perubahan Kepemilikan Saham Perusahaan Terbuka_31983829_lamp1.pdf
"12 Nov 2025
					14:14:28",https://www.idx.co.id/StaticData/NewsAndAnnouncement/ANNOUNCEMENTSTOCK/From_EREP/202511/83579baea5_510ae372f6.pdf,Pemberitahuan Rencana Rapat Umum Pemegang Saham Luar Biasa [],BMRI,https://www.idx.co.id/StaticData/NewsAndAnnouncement/ANNOUNCEMENTSTOCK/From_EREP/202511/582a606c8b_e3ff20c28f.pdf,20251112_BMRI_Pengumuman RUPS_31984720_lamp2.pdf,https://www.idx.co.id/StaticData/NewsAndAnnouncement/ANNOUNCEMENTSTOCK/From_EREP/202511/845f72fea2_9dd8374685.pdf,20251112_BMRI_Pengumuman RUPS_31984720_lamp3.pdf
"12 Nov 2025
					20:37:38",https://www.idx.co.id/StaticData/NewsAndAnnouncement/ANNOUNCEMENTSTOCK/From_EREP/202511/6b0a82e57e_ea355163d5.pdf,Penyampaian Bukti Iklan Pemberitahuan RUPS [],BMRI,https://www.idx.co.id/StaticData/NewsAndAnnouncement/ANNOUNCEMENTSTOCK/From_EREP/202511/22a3c28851_2866ba6675.pdf,20251112_BMRI_Penyampaian Bukti Iklan_31984914_lamp1.pdf,https://www.idx.co.id/StaticData/NewsAndAnnouncement/ANNOUNCEMENTSTOCK/From_EREP/202511/a1e3597354_950763799d.pdf,20251112_BMRI_Penyampaian Bukti Iklan_31984914_lamp2.pdf
"27 Nov 2025
					13:35:43",https://www.idx.co.id/StaticData/NewsAndAnnouncement/ANNOUNCEMENTSTOCK/From_EREP/202511/f0aaa031ae_d13a2ce4aa.pdf,Pemanggilan Rapat Umum Pemegang Saham Luar Biasa [],BMRI,https://www.idx.co.id/StaticData/NewsAndAnnouncement/ANNOUNCEMENTSTOCK/From_EREP/202511/670ce8a7fa_fce81d9ac6.pdf,20251127_BMRI_Pemanggilan RUPS_31988035_lamp2.pdf,https://www.idx.co.id/StaticData/NewsAndAnnouncement/ANNOUNCEMENTSTOCK/From_EREP/202511/9576352686_7a8d78f204.pdf,20251127_BMRI_Pemanggilan RUPS_31988035_lamp3.pdf
"07 Nov 2025
					11:27:36",https://www.idx.co.id/StaticData/NewsAndAnnouncement/ANNOUNCEMENTSTOCK/From_EREP/202511/d3406924d7_414cc0d17e.pdf,Laporan Bulanan Registrasi Pemegang Efek [],BRIS,https://www.idx.co.id/StaticData/NewsAndAnnouncement/ANNOUNCEMENTSTOCK/From_EREP/202511/8f2592f8fc_7f5dddfba9.pdf,20251106_BRIS_Laporan Bulanan Registrasi Pemegang Efek/Perubahan Struktur Pemegang Saham_31983294_lamp1.pdf,,
"13 Nov 2025
					14:12:59",https://www.idx.co.id/StaticData/NewsAndAnnouncement/ANNOUNCEMENTSTOCK/From_EREP/202511/f8377d497e_b6f48b1e02.pdf,Pemberitahuan Rencana Rapat Umum Pemegang Saham Luar Biasa [],BRIS,https://www.idx.co.id/StaticData/NewsAndAnnouncement/ANNOUNCEMENTSTOCK/From_EREP/202511/53b7dd0408_4c90c5eaf9.pdf,20251113_BRIS_Pengumuman RUPS_31984980_lamp2.pdf,https://www.idx.co.id/StaticData/NewsAndAnnouncement/ANNOUNCEMENTSTOCK/From_EREP/202511/9cd8f1d822_caa9c44348.pdf,20251113_BRIS_Pengumuman RUPS_31984980_lamp1.pdf
"13 Nov 2025
					17:55:15",https://www.idx.co.id/StaticData/NewsAndAnnouncement/ANNOUNCEMENTSTOCK/From_EREP/202511/4479cd3947_5af3b0bfbe.pdf,Penyampaian Bukti Iklan Pemberitahuan RUPS [],BRIS,https://www.idx.co.id/StaticData/NewsAndAnnouncement/ANNOUNCEMENTSTOCK/From_EREP/202511/961470016a_debfbd70cd.pdf,20251113_BRIS_Penyampaian Bukti Iklan_31985155_lamp1.pdf,,
"28 Nov 2025
					17:58:43",https://www.idx.co.id/StaticData/NewsAndAnnouncement/ANNOUNCEMENTSTOCK/From_EREP/202511/fbb075c697_1c544603f5.pdf,Pemanggilan Rapat Umum Pemegang Saham Luar Biasa [],BRIS,https://www.idx.co.id/StaticData/NewsAndAnnouncement/ANNOUNCEMENTSTOCK/From_EREP/202511/86331110f4_50c5936640.pdf,20251128_BRIS_Pemanggilan RUPS_31988506_lamp1.pdf,https://www.idx.co.id/StaticData/NewsAndAnnouncement/ANNOUNCEMENTSTOCK/From_EREP/202511/b6bc2da5e1_79fe008890.pdf,20251128_BRIS_Pemanggilan RUPS_31988506_lamp2.pdf
"05 Nov 2025
					16:41:01",https://www.idx.co.id/StaticData/NewsAndAnnouncement/ANNOUNCEMENTSTOCK/From_EREP/202511/3708d2d770_1740a85fca.pdf,Laporan Hasil Pemeringkatan Pemeringkatan Tahunan [],BRPT,https://www.idx.co.id/StaticData/NewsAndAnnouncement/ANNOUNCEMENTSTOCK/From_EREP/202511/9e340acbf8_ff9f76b24f.pdf,20251105_BRPT_Laporan Hasil Pemeringkatan_31982313_lamp1.pdf,https://www.idx.co.id/StaticData/NewsAndAnnouncement/ANNOUNCEMENTSTOCK/From_EREP/202511/df5f05d0a2_1295d7c49d.pdf,20251105_BRPT_Laporan Hasil Pemeringkatan_31982313_lamp2.pdf
"06 Nov 2025
					16:20:17",https://www.idx.co.id/StaticData/NewsAndAnnouncement/ANNOUNCEMENTSTOCK/From_EREP/202511/627489060c_5c8e2a003c.pdf,Laporan Bulanan Registrasi Pemegang Efek [],BRPT,https://www.idx.co.id/StaticData/NewsAndAnnouncement/ANNOUNCEMENTSTOCK/From_EREP/202511/b2255fe4bf_b2904eb4e6.pdf,20251105_BRPT_Laporan Bulanan Registrasi Pemegang Efek/Perubahan Struktur Pemegang Saham_31982439_lamp1.pdf,,
"07 Nov 2025
					16:20:01",https://www.idx.co.id/StaticData/NewsAndAnnouncement/ANNOUNCEMENTSTOCK/From_EREP/202511/3129579336_b2b995df0b.pdf,Penyampaian Materi Public Expose - Tahunan [],BRPT,https://www.idx.co.id/StaticData/NewsAndAnnouncement/ANNOUNCEMENTSTOCK/From_EREP/202511/6725c386ff_148683e0f7.pdf,20251107_BRPT_Public Expose_31983712_lamp2.pdf,https://www.idx.co.id/StaticData/NewsAndAnnouncement/ANNOUNCEMENTSTOCK/From_EREP/202511/a32c61b2be_8a0c3f3e43.pdf,20251107_BRPT_Public Expose_31983712_lamp1.pdf
"14 Nov 2025
					16:45:06",https://www.idx.co.id/StaticData/NewsAndAnnouncement/ANNOUNCEMENTSTOCK/From_EREP/202511/0b648c994d_d4fe6f0456.pdf,Laporan Hasil Public Expose - Tahunan [],BRPT,https://www.idx.co.id/StaticData/NewsAndAnnouncement/ANNOUNCEMENTSTOCK/From_EREP/202511/71c96c68fb_56ee35c093.pdf,20251114_BRPT_Public Expose_31985467_lamp1.pdf,,
"17 Nov 2025
					16:22:35",https://www.idx.co.id/StaticData/NewsAndAnnouncement/ANNOUNCEMENTSTOCK/From_EREP/202511/8c60bb0a59_bf468e4c7b.pdf,Informasi Pelunasan Efek [],BRPT,https://www.idx.co.id/StaticData/NewsAndAnnouncement/ANNOUNCEMENTSTOCK/From_EREP/202511/101af7de9e_70b00c02bb.pdf,20251117_BRPT_Pembayaran Kupon/Bagi Hasil/Ijarah/Pokok_31985616_lamp1.pdf,,
"06 Nov 2025
					14:01:51",https://www.idx.co.id/StaticData/NewsAndAnnouncement/ANNOUNCEMENTSTOCK/From_EREP/202511/ae906f8e97_b0479d4e73.pdf,Laporan Bulanan Registrasi Pemegang Efek [],CPIN,https://www.idx.co.id/StaticData/NewsAndAnnouncement/ANNOUNCEMENTSTOCK/From_EREP/202511/41a779539b_90a3686fd7.pdf,20251106_CPIN_Laporan Bulanan Registrasi Pemegang Efek/Perubahan Struktur Pemegang Saham_31983119_lamp1.pdf,,
"14 Nov 2025
					06:18:39",https://www.idx.co.id/StaticData/NewsAndAnnouncement/ANNOUNCEMENTSTOCK/From_EREP/202511/4cc09b4735_f4349fc7e7.pdf,Penjelasan atas Pemberitaan Media Massa [],CPIN,,,,
"14 Nov 2025
					16:40:55",https://www.idx.co.id/StaticData/NewsAndAnnouncement/ANNOUNCEMENTSTOCK/From_EREP/202511/5071a62175_a73004a78e.pdf,Penjelasan atas Pemberitaan Media Massa (KOREKSI) [],CPIN,https://www.idx.co.id/StaticData/NewsAndAnnouncement/ANNOUNCEMENTSTOCK/From_EREP/202511/f30fccdfe6_5ca37cf7a0.pdf,20251114_CPIN_Tanggapan atas Permintaan Penjelasan Bursa_31985489_lamp1.pdf,,
"18 Nov 2025
					14:57:58",https://www.idx.co.id/StaticData/NewsAndAnnouncement/ANNOUNCEMENTSTOCK/From_EREP/202511/a59d9eeb80_e311c8db66.pdf,Penjelasan atas Pemberitaan Media Massa (KOREKSI) [],CPIN,https://www.idx.co.id/StaticData/NewsAndAnnouncement/ANNOUNCEMENTSTOCK/From_EREP/202511/079bec4629_44d4ac34a2.pdf,20251118_CPIN_Tanggapan atas Permintaan Penjelasan Bursa_31986006_lamp1.pdf,,
"10 Nov 2025
					10:09:06",https://www.idx.co.id/StaticData/NewsAndAnnouncement/ANNOUNCEMENTSTOCK/From_EREP/202511/50b892af04_30fe8d4352.pdf,Laporan Bulanan Registrasi Pemegang Efek [],CTRA,https://www.idx.co.id/StaticData/NewsAndAnnouncement/ANNOUNCEMENTSTOCK/From_EREP/202511/bcec6de20a_0b7124d8e6.pdf,20251110_CTRA_Laporan Bulanan Registrasi Pemegang Efek/Perubahan Struktur Pemegang Saham_31983942_lamp1.pdf,,
"07 Nov 2025
					15:35:02",https://www.idx.co.id/StaticData/NewsAndAnnouncement/ANNOUNCEMENTSTOCK/From_EREP/202511/ba7e8313a2_624c2d6f8f.pdf,Laporan Bulanan Registrasi Pemegang Efek [],EXCL,,,,
"11 Nov 2025
					04:53:01",https://www.idx.co.id/StaticData/NewsAndAnnouncement/ANNOUNCEMENTSTOCK/From_EREP/202511/c8e80c84b5_53c76649b0.pdf,Informasi Ijarah Fee [],EXCL,https://www.idx.co.id/StaticData/NewsAndAnnouncement/ANNOUNCEMENTSTOCK/From_EREP/202511/699a0683d3_8cbd1cff95.pdf,20251107_EXCL_Pembayaran Kupon/Bagi Hasil/Ijarah/Pokok_31983859_lamp1.pdf,,
"11 Nov 2025
					04:53:45",https://www.idx.co.id/StaticData/NewsAndAnnouncement/ANNOUNCEMENTSTOCK/From_EREP/202511/37e555dbc9_1f286d56a7.pdf,Informasi Kupon [],EXCL,https://www.idx.co.id/StaticData/NewsAndAnnouncement/ANNOUNCEMENTSTOCK/From_EREP/202511/6ec4bf0bd7_82dbe094cc.pdf,20251107_EXCL_Pembayaran Kupon/Bagi Hasil/Ijarah/Pokok_31983861_lamp1.pdf,,
"13 Nov 2025
					06:33:52",https://www.idx.co.id/StaticData/NewsAndAnnouncement/ANNOUNCEMENTSTOCK/From_EREP/202502/20260220174058-59085-0/FinancialStatement-2025-III-EXCL.pdf,Penyampaian Laporan Keuangan Interim Yang Ditelaah Secara Terbatas [],EXCL,https://www.idx.co.id/StaticData/NewsAndAnnouncement/ANNOUNCEMENTSTOCK/From_EREP/202502/20260220174058-59085-0/FinancialStatement-2025-III-EXCL.xlsx,FinancialStatement-2025-III-EXCL.xlsx,https://www.idx.co.id/StaticData/NewsAndAnnouncement/ANNOUNCEMENTSTOCK/From_EREP/202502/20260220174058-59085-0/FS%20XLSMART%200925_fully%20executed.pdf,FS XLSMART 0925_fully executed.pdf
"21 Nov 2025
					15:04:03",https://www.idx.co.id/StaticData/NewsAndAnnouncement/ANNOUNCEMENTSTOCK/From_EREP/202511/7df999f58c_bab2735c3c.pdf,Ringkasan Risalah Rapat Umum Para Pemegang Saham Luar Biasa [],EXCL,https://www.idx.co.id/StaticData/NewsAndAnnouncement/ANNOUNCEMENTSTOCK/From_EREP/202511/940bdd24ce_abc84ad9f3.pdf,20251121_EXCL_Ringkasan Risalah/Risalah RUPS_31986874_lamp1.pdf,,
"21 Nov 2025
					16:06:11",https://www.idx.co.id/StaticData/NewsAndAnnouncement/ANNOUNCEMENTSTOCK/From_EREP/202511/5147ace3b8_78e46db952.pdf,Keterbukaan Informasi terkait Aksi Korporasi - Dividen Tunai - 21112025 [],EXCL,https://www.idx.co.id/StaticData/NewsAndAnnouncement/ANNOUNCEMENTSTOCK/From_EREP/202511/8bf74550b7_05d4d8dee8.pdf,20251121_EXCL_Keterbukaan Informasi terkait Aksi Korporasi_31986969_lamp1.pdf,,
"07 Nov 2025
					16:32:27",https://www.idx.co.id/StaticData/NewsAndAnnouncement/ANNOUNCEMENTSTOCK/From_EREP/202511/0163782b15_972d5a4d3a.pdf,Laporan Bulanan Registrasi Pemegang Efek [],GOTO,https://www.idx.co.id/StaticData/NewsAndAnnouncement/ANNOUNCEMENTSTOCK/From_EREP/202511/c457490a8f_8c9c0a071d.pdf,20251106_GOTO_Laporan Bulanan Registrasi Pemegang Efek/Perubahan Struktur Pemegang Saham_31983351_lamp1.pdf,,
"10 Nov 2025
					16:24:52",https://www.idx.co.id/StaticData/NewsAndAnnouncement/ANNOUNCEMENTSTOCK/From_EREP/202511/c7ffc112c3_8f72c5bfb4.pdf,Pemberitahuan Rencana Rapat Umum Pemegang Saham Luar Biasa [],GOTO,https://www.idx.co.id/StaticData/NewsAndAnnouncement/ANNOUNCEMENTSTOCK/From_EREP/202511/0bddcdf013_fd995b55bf.pdf,20251110_GOTO_Pengumuman RUPS_31984154_lamp1.pdf,,
"11 Nov 2025
					08:34:50",https://www.idx.co.id/StaticData/NewsAndAnnouncement/ANNOUNCEMENTSTOCK/From_EREP/202511/a2570da768_9d7b7ff66d.pdf,Penjelasan atas Pemberitaan Media Massa [],GOTO,https://www.idx.co.id/StaticData/NewsAndAnnouncement/ANNOUNCEMENTSTOCK/From_EREP/202511/36fd2b9a0a_2811571215.pdf,20251111_GOTO_Tanggapan atas Permintaan Penjelasan Bursa_31984354_lamp1.pdf,,
"12 Nov 2025
					08:09:08",https://www.idx.co.id/StaticData/NewsAndAnnouncement/ANNOUNCEMENTSTOCK/From_EREP/202511/ae770a4f39_5201ef9453.pdf,Informasi Material Lainnya [],GOTO,https://www.idx.co.id/StaticData/NewsAndAnnouncement/ANNOUNCEMENTSTOCK/From_EREP/202511/871a70c23e_78cecd4893.pdf,20251112_GOTO_Laporan Informasi dan Fakta Material_31984644_lamp1.pdf,,
"19 Nov 2025
					08:08:24",https://www.idx.co.id/StaticData/NewsAndAnnouncement/ANNOUNCEMENTSTOCK/From_EREP/202511/7c76112eba_f24e5467bd.pdf,Penjelasan atas Pemberitaan Media Massa [],GOTO,https://www.idx.co.id/StaticData/NewsAndAnnouncement/ANNOUNCEMENTSTOCK/From_EREP/202511/e237fb5131_b469201c3f.pdf,20251119_GOTO_Tanggapan atas Permintaan Penjelasan Bursa_31986165_lamp1.pdf,,
"24 Nov 2025
					08:19:58",https://www.idx.co.id/StaticData/NewsAndAnnouncement/ANNOUNCEMENTSTOCK/From_EREP/202511/156a23b417_4e1f7071ac.pdf,Keterbukaan Informasi sehubungan dengan Pengunduran Diri Anggota Direksi dan Dewan Komisaris PT GoTo Gojek Tokopedia Tbk [],GOTO,https://www.idx.co.id/StaticData/NewsAndAnnouncement/ANNOUNCEMENTSTOCK/From_EREP/202511/6e93c2e5cb_51a1b310fd.pdf,20251124_GOTO_Laporan Informasi dan Fakta Material_31987108_lamp1.pdf,,
"25 Nov 2025
					16:44:39",https://www.idx.co.id/StaticData/NewsAndAnnouncement/ANNOUNCEMENTSTOCK/From_EREP/202511/21f49310f5_9c7e2e9694.pdf,Pemanggilan Rapat Umum Pemegang Saham Luar Biasa [],GOTO,https://www.idx.co.id/StaticData/NewsAndAnnouncement/ANNOUNCEMENTSTOCK/From_EREP/202511/4c8d3c20ec_117f0c2d4b.pdf,20251125_GOTO_Pemanggilan RUPS_31987553_lamp1.pdf,https://www.idx.co.id/StaticData/NewsAndAnnouncement/ANNOUNCEMENTSTOCK/From_EREP/202511/cc6e9bbf25_ca0d84b2fb.pdf,20251125_GOTO_Pemanggilan RUPS_31987553_lamp2.pdf
"25 Nov 2025
					18:18:43",https://www.idx.co.id/StaticData/NewsAndAnnouncement/ANNOUNCEMENTSTOCK/From_EREP/202511/da4ef274a4_f58bbf02f6.pdf,Penyampaian Bukti Iklan Panggilan RUPS [],GOTO,https://www.idx.co.id/StaticData/NewsAndAnnouncement/ANNOUNCEMENTSTOCK/From_EREP/202511/64b3951098_e5c8d7cfad.pdf,20251125_GOTO_Penyampaian Bukti Iklan_31987655_lamp1.pdf,,
"10 Nov 2025
					16:01:29",https://www.idx.co.id/StaticData/NewsAndAnnouncement/ANNOUNCEMENTSTOCK/From_EREP/202511/22060477a9_d8186ef378.pdf,Laporan Bulanan Registrasi Pemegang Efek [],ICBP,,,,
"26 Nov 2025
					18:31:35",https://www.idx.co.id/StaticData/NewsAndAnnouncement/ANNOUNCEMENTSTOCK/From_EREP/202511/212849ba69_0f566d946d.pdf,Penjelasan atas Volatilitas Transaksi [],ICBP,https://www.idx.co.id/StaticData/NewsAndAnnouncement/ANNOUNCEMENTSTOCK/From_EREP/202511/798c43c593_5bced3e77f.pdf,20251126_ICBP_Tanggapan atas Permintaan Penjelasan Bursa_31987891_lamp1.pdf,,
"04 Nov 2025
					15:17:26",https://www.idx.co.id/StaticData/NewsAndAnnouncement/ANNOUNCEMENTSTOCK/From_EREP/202511/895f573e22_84b4ae1074.pdf,Penerbitan SKS Pengganti Karena Saham Hilang PT Vale Indonesia Tbk [],INCO,https://www.idx.co.id/StaticData/NewsAndAnnouncement/ANNOUNCEMENTSTOCK/From_EREP/202511/b00ae73b37_8c66a96599.pdf,20251103_INCO_Pengumuman Bursa_31981571_lamp1.pdf,,
"05 Nov 2025
					16:40:26",https://www.idx.co.id/StaticData/NewsAndAnnouncement/ANNOUNCEMENTSTOCK/From_EREP/202511/d80b5aad1b_fe091d0317.pdf,Penerbitan SKS Pengganti Karena Saham Hilang PT Vale Indonesia Tbk [],INCO,https://www.idx.co.id/StaticData/NewsAndAnnouncement/ANNOUNCEMENTSTOCK/From_EREP/202511/0ae548aab8_074a2bb40f.pdf,20251105_INCO_Pengumuman Bursa_31982537_lamp1.pdf,,
"07 Nov 2025
					17:12:34",https://www.idx.co.id/StaticData/NewsAndAnnouncement/ANNOUNCEMENTSTOCK/From_EREP/202511/931e5a7605_c2475b511e.pdf,Laporan Bulanan Registrasi Pemegang Efek [],INCO,https://www.idx.co.id/StaticData/NewsAndAnnouncement/ANNOUNCEMENTSTOCK/From_EREP/202511/3d6fa6f444_f77c847b07.pdf,20251107_INCO_Laporan Bulanan Registrasi Pemegang Efek/Perubahan Struktur Pemegang Saham_31983775_lamp1.pdf,,
"10 Nov 2025
					16:08:57",https://www.idx.co.id/StaticData/NewsAndAnnouncement/ANNOUNCEMENTSTOCK/From_EREP/202511/11a6c35bd3_c01025fa10.pdf,Laporan Bulanan Registrasi Pemegang Efek [],INDF,,,,
"04 Nov 2025
					15:59:58",https://www.idx.co.id/StaticData/NewsAndAnnouncement/ANNOUNCEMENTSTOCK/From_EREP/202511/f58b24d7b7_e113a39fe1.pdf,Laporan Bulanan Registrasi Pemegang Efek [],INKP,https://www.idx.co.id/StaticData/NewsAndAnnouncement/ANNOUNCEMENTSTOCK/From_EREP/202511/1046d5cdf8_c10b89d90e.pdf,20251104_INKP_Laporan Bulanan Registrasi Pemegang Efek/Perubahan Struktur Pemegang Saham_31981749_lamp1.pdf,,
"10 Nov 2025
					15:31:37",https://www.idx.co.id/StaticData/NewsAndAnnouncement/ANNOUNCEMENTSTOCK/From_EREP/202511/2ba433f752_f2e51944da.pdf,Transaksi Afiliasi [],INKP,https://www.idx.co.id/StaticData/NewsAndAnnouncement/ANNOUNCEMENTSTOCK/From_EREP/202511/02b981c712_f310b9b073.pdf,20251106_INKP_Informasi Transaksi Afiliasi_31982973_lamp1.pdf,https://www.idx.co.id/StaticData/NewsAndAnnouncement/ANNOUNCEMENTSTOCK/From_EREP/202511/4fb0bc53df_1b6a3b5058.pdf,20251106_INKP_Informasi Transaksi Afiliasi_31982973_lamp2.pdf
"11 Nov 2025
					16:05:10",https://www.idx.co.id/StaticData/NewsAndAnnouncement/ANNOUNCEMENTSTOCK/From_EREP/202511/63bc5f72f9_190819f086.pdf,Transaksi Afiliasi [],INKP,https://www.idx.co.id/StaticData/NewsAndAnnouncement/ANNOUNCEMENTSTOCK/From_EREP/202511/6dd027da80_a3ffee0918.pdf,20251106_INKP_Informasi Transaksi Afiliasi_31982992_lamp2.pdf,https://www.idx.co.id/StaticData/NewsAndAnnouncement/ANNOUNCEMENTSTOCK/From_EREP/202511/cffe56138c_37542e3b36.pdf,20251106_INKP_Informasi Transaksi Afiliasi_31982992_lamp1.pdf
"07 Nov 2025
					10:49:55",https://www.idx.co.id/StaticData/NewsAndAnnouncement/ANNOUNCEMENTSTOCK/From_EREP/202511/a3e194225e_3af3e06c83.pdf,Laporan Kepemilikan atau Setiap Perubahan Kepemilikan Saham Perusahaan Terbuka [],ISAT,https://www.idx.co.id/StaticData/NewsAndAnnouncement/ANNOUNCEMENTSTOCK/From_EREP/202511/7f109c1d44_96aa3ef9fe.pdf,20251107_ISAT_Laporan Kepemilikan atau Setiap Perubahan Kepemilikan Saham Perusahaan Terbuka_31983452_lamp1.pdf,,
"10 Nov 2025
					11:54:26",https://www.idx.co.id/StaticData/NewsAndAnnouncement/ANNOUNCEMENTSTOCK/From_EREP/202511/6ae633a1f5_820ee47574.pdf,Laporan Bulanan Registrasi Pemegang Efek [],ISAT,https://www.idx.co.id/StaticData/NewsAndAnnouncement/ANNOUNCEMENTSTOCK/From_EREP/202511/95316c27ad_c5ba1e9ce5.pdf,20251110_ISAT_Laporan Bulanan Registrasi Pemegang Efek/Perubahan Struktur Pemegang Saham_31984019_lamp2.pdf,https://www.idx.co.id/StaticData/NewsAndAnnouncement/ANNOUNCEMENTSTOCK/From_EREP/202511/fac5e119fe_61f4ac58a1.pdf,20251110_ISAT_Laporan Bulanan Registrasi Pemegang Efek/Perubahan Struktur Pemegang Saham_31984019_lamp1.pdf
"14 Nov 2025
					12:35:10",https://www.idx.co.id/StaticData/NewsAndAnnouncement/ANNOUNCEMENTSTOCK/From_EREP/202511/771c87b6ba_276c0b1be1.pdf,Laporan Kepemilikan atau Setiap Perubahan Kepemilikan Saham Perusahaan Terbuka [],ISAT,https://www.idx.co.id/StaticData/NewsAndAnnouncement/ANNOUNCEMENTSTOCK/From_EREP/202511/a623017ed8_babe8b3c42.pdf,20251114_ISAT_Laporan Kepemilikan atau Setiap Perubahan Kepemilikan Saham Perusahaan Terbuka_31985356_lamp1.pdf,,
"17 Nov 2025
					20:45:48",https://www.idx.co.id/StaticData/NewsAndAnnouncement/ANNOUNCEMENTSTOCK/From_EREP/202511/bb042ae0b1_c1be1d9429.pdf,Kesiapan Pembayaran Obligasi Berkelanjutan I Indosat Tahap III Tahun 2015 Seri D dan Sukuk Ijarah Berkelanjutan I Indosat Tahap III Tahun 2015 Seri B [],ISAT,https://www.idx.co.id/StaticData/NewsAndAnnouncement/ANNOUNCEMENTSTOCK/From_EREP/202511/a22984899c_486de246e3.pdf,20251117_ISAT_Laporan Informasi dan Fakta Material_31985744_lamp1.pdf,,
"03 Nov 2025
					21:04:04",https://www.idx.co.id/StaticData/NewsAndAnnouncement/ANNOUNCEMENTSTOCK/From_EREP/202511/708dc43737_ccbbb5a4ff.pdf,Ringkasan Risalah Rapat Umum Para Pemegang Saham Luar Biasa [],ITMG,https://www.idx.co.id/StaticData/NewsAndAnnouncement/ANNOUNCEMENTSTOCK/From_EREP/202511/2cdd66f62a_a4d114c30e.pdf,20251103_ITMG_Ringkasan Risalah/Risalah RUPS_31981721_lamp1.pdf,https://www.idx.co.id/StaticData/NewsAndAnnouncement/ANNOUNCEMENTSTOCK/From_EREP/202511/723286a463_c206c66c33.pdf,20251103_ITMG_Ringkasan Risalah/Risalah RUPS_31981721_lamp2.pdf
"04 Nov 2025
					17:31:57",https://www.idx.co.id/StaticData/NewsAndAnnouncement/ANNOUNCEMENTSTOCK/From_EREP/202511/c42ead8247_7f9d126e3c.pdf,Jadwal Dividen Tunai Interim [],ITMG,https://www.idx.co.id/StaticData/NewsAndAnnouncement/ANNOUNCEMENTSTOCK/From_EREP/202511/4acaf3a252_e71a8be1c6.pdf,20251104_ITMG_Jadwal Aksi Korporasi (Khusus Penyampaian Dividen Interim)_31982173_lamp1.pdf,,
"10 Nov 2025
					10:18:01",https://www.idx.co.id/StaticData/NewsAndAnnouncement/ANNOUNCEMENTSTOCK/From_EREP/202511/e522408f80_20a41f8db7.pdf,Laporan Bulanan Registrasi Pemegang Efek [],ITMG,https://www.idx.co.id/StaticData/NewsAndAnnouncement/ANNOUNCEMENTSTOCK/From_EREP/202511/7621c8a375_ec52260381.pdf,20251107_ITMG_Laporan Bulanan Registrasi Pemegang Efek/Perubahan Struktur Pemegang Saham_31983609_lamp1.pdf,https://www.idx.co.id/StaticData/NewsAndAnnouncement/ANNOUNCEMENTSTOCK/From_EREP/202511/7cb738ee9d_7994575300.pdf,20251107_ITMG_Laporan Bulanan Registrasi Pemegang Efek/Perubahan Struktur Pemegang Saham_31983609_lamp2.pdf
"10 Nov 2025
					20:05:48",https://www.idx.co.id/StaticData/NewsAndAnnouncement/ANNOUNCEMENTSTOCK/From_EREP/202511/20251110201603-59054-0/FinancialStatement-2025-III-ITMG.pdf,Penyampaian Laporan Keuangan Interim Yang Ditelaah Secara Terbatas [],ITMG,https://www.idx.co.id/StaticData/NewsAndAnnouncement/ANNOUNCEMENTSTOCK/From_EREP/202511/20251110201603-59054-0/FinancialStatement-2025-III-ITMG.xlsx,FinancialStatement-2025-III-ITMG.xlsx,https://www.idx.co.id/StaticData/NewsAndAnnouncement/ANNOUNCEMENTSTOCK/From_EREP/202511/20251110201603-59054-0/inlineXBRL.zip,inlineXBRL.zip
"07 Nov 2025
					16:33:35",https://www.idx.co.id/StaticData/NewsAndAnnouncement/ANNOUNCEMENTSTOCK/From_EREP/202511/c8b19c76df_136db1ca92.pdf,Laporan Bulanan Registrasi Pemegang Efek [],JPFA,https://www.idx.co.id/StaticData/NewsAndAnnouncement/ANNOUNCEMENTSTOCK/From_EREP/202511/3fea9c3c26_4196ea4d60.pdf,20251107_JPFA_Laporan Bulanan Registrasi Pemegang Efek/Perubahan Struktur Pemegang Saham_31983747_lamp2.pdf,https://www.idx.co.id/StaticData/NewsAndAnnouncement/ANNOUNCEMENTSTOCK/From_EREP/202511/49700323a4_152d57c2e1.pdf,20251107_JPFA_Laporan Bulanan Registrasi Pemegang Efek/Perubahan Struktur Pemegang Saham_31983747_lamp1.pdf
"05 Nov 2025
					11:34:11",https://www.idx.co.id/StaticData/NewsAndAnnouncement/ANNOUNCEMENTSTOCK/From_EREP/202511/84026f24d1_6c84d9e260.pdf,Laporan Bulanan Registrasi Pemegang Efek [],JSMR,https://www.idx.co.id/StaticData/NewsAndAnnouncement/ANNOUNCEMENTSTOCK/From_EREP/202511/278e22d87a_47b1881378.pdf,20251105_JSMR_Laporan Bulanan Registrasi Pemegang Efek/Perubahan Struktur Pemegang Saham_31982479_lamp2.pdf,https://www.idx.co.id/StaticData/NewsAndAnnouncement/ANNOUNCEMENTSTOCK/From_EREP/202511/50d9c470e8_7134950dfa.pdf,20251105_JSMR_Laporan Bulanan Registrasi Pemegang Efek/Perubahan Struktur Pemegang Saham_31982479_lamp1.pdf
"10 Nov 2025
					13:29:01",https://www.idx.co.id/StaticData/NewsAndAnnouncement/ANNOUNCEMENTSTOCK/From_EREP/202511/7a2f0c3263_d6cfa8f544.pdf,Pemberitahuan Rencana Rapat Umum Pemegang Saham Luar Biasa [],JSMR,https://www.idx.co.id/StaticData/NewsAndAnnouncement/ANNOUNCEMENTSTOCK/From_EREP/202511/312411e60a_50eaefb81b.pdf,20251110_JSMR_Pengumuman RUPS_31984086_lamp1.pdf,https://www.idx.co.id/StaticData/NewsAndAnnouncement/ANNOUNCEMENTSTOCK/From_EREP/202511/f2c990b106_7c7d4437fe.pdf,20251110_JSMR_Pengumuman RUPS_31984086_lamp2.pdf
"20 Nov 2025
					07:20:13",https://www.idx.co.id/StaticData/NewsAndAnnouncement/ANNOUNCEMENTSTOCK/From_EREP/202511/5e288baa29_7a95bc9cf6.pdf,Informasi Terkait Komisaris Independen Perseroan [],JSMR,https://www.idx.co.id/StaticData/NewsAndAnnouncement/ANNOUNCEMENTSTOCK/From_EREP/202511/f84ea0b241_86322194b2.pdf,20251120_JSMR_Laporan Informasi dan Fakta Material_31986465_lamp1.pdf,,
"20 Nov 2025
					17:12:21",https://www.idx.co.id/StaticData/NewsAndAnnouncement/ANNOUNCEMENTSTOCK/From_EREP/202511/b85b7fb837_49c7571473.pdf,Informasi Terkait Komisaris Independen Perseroan (KOREKSI) [],JSMR,https://www.idx.co.id/StaticData/NewsAndAnnouncement/ANNOUNCEMENTSTOCK/From_EREP/202511/9de2fab20b_501e29d614.pdf,20251120_JSMR_Laporan Informasi dan Fakta Material_31986745_lamp2.pdf,https://www.idx.co.id/StaticData/NewsAndAnnouncement/ANNOUNCEMENTSTOCK/From_EREP/202511/e4434b9900_13a750de80.pdf,20251120_JSMR_Laporan Informasi dan Fakta Material_31986745_lamp1.pdf
"25 Nov 2025
					13:37:48",https://www.idx.co.id/StaticData/NewsAndAnnouncement/ANNOUNCEMENTSTOCK/From_EREP/202511/226a890b74_9e8869f8c1.pdf,Pemanggilan Rapat Umum Pemegang Saham Luar Biasa [],JSMR,https://www.idx.co.id/StaticData/NewsAndAnnouncement/ANNOUNCEMENTSTOCK/From_EREP/202511/320ca3512d_e59600155c.pdf,20251125_JSMR_Pemanggilan RUPS_31987494_lamp1.pdf,https://www.idx.co.id/StaticData/NewsAndAnnouncement/ANNOUNCEMENTSTOCK/From_EREP/202511/e4d6e49f43_af98d9fb4a.pdf,20251125_JSMR_Pemanggilan RUPS_31987494_lamp2.pdf
"04 Nov 2025
					16:51:39",https://www.idx.co.id/StaticData/NewsAndAnnouncement/ANNOUNCEMENTSTOCK/From_EREP/202511/b85fe1e018_735e911d9a.pdf,Perubahan Komite Nominasi dan Remunerasi Emiten atau Perusahaan Publik [],KLBF,https://www.idx.co.id/StaticData/NewsAndAnnouncement/ANNOUNCEMENTSTOCK/From_EREP/202511/eb255aabc7_511bc6dda3.pdf,20251104_KLBF_Perubahan Corsec Komite Audit Alamat NPWP Internal Audit_31981882_lamp1.pdf,,
"04 Nov 2025
					16:52:08",https://www.idx.co.id/StaticData/NewsAndAnnouncement/ANNOUNCEMENTSTOCK/From_EREP/202511/cc733d5fc1_c848636caf.pdf,Perubahan Komite Audit [],KLBF,https://www.idx.co.id/StaticData/NewsAndAnnouncement/ANNOUNCEMENTSTOCK/From_EREP/202511/5a01d7e188_41d78789ae.pdf,20251104_KLBF_Perubahan Corsec Komite Audit Alamat NPWP Internal Audit_31981878_lamp1.pdf,,
"10 Nov 2025
					10:06:52",https://www.idx.co.id/StaticData/NewsAndAnnouncement/ANNOUNCEMENTSTOCK/From_EREP/202511/b48e2029e0_18578d5927.pdf,Laporan Bulanan Registrasi Pemegang Efek [],KLBF,https://www.idx.co.id/StaticData/NewsAndAnnouncement/ANNOUNCEMENTSTOCK/From_EREP/202511/5fd172e400_9cd8dc589b.pdf,20251106_KLBF_Laporan Bulanan Registrasi Pemegang Efek/Perubahan Struktur Pemegang Saham_31983270_lamp1.pdf,,
"26 Nov 2025
					21:01:10",https://www.idx.co.id/StaticData/NewsAndAnnouncement/ANNOUNCEMENTSTOCK/From_EREP/202511/d4d4d84696_16568a5a8c.pdf,Penjelasan atas Volatilitas Transaksi [],KLBF,,,,
"03 Nov 2025
					16:40:11",https://www.idx.co.id/StaticData/NewsAndAnnouncement/ANNOUNCEMENTSTOCK/From_EREP/202511/da779dfd8c_b5f0683514.pdf,Penjelasan atas Volatilitas Transaksi [],MAPA,https://www.idx.co.id/StaticData/NewsAndAnnouncement/ANNOUNCEMENTSTOCK/From_EREP/202511/a3984a492e_8d4fb25532.pdf,20251103_MAPA_Tanggapan atas Permintaan Penjelasan Bursa_31981604_lamp1.pdf,,
"04 Nov 2025
					13:00:01",https://www.idx.co.id/StaticData/NewsAndAnnouncement/ANNOUNCEMENTSTOCK/From_EREP/202511/7413e7ec17_ce593e858d.pdf,Perubahan Alamat/Nomor Telepon/Fax/E-Mail/Website/NPWP/NPKP [],MAPA,https://www.idx.co.id/StaticData/NewsAndAnnouncement/ANNOUNCEMENTSTOCK/From_EREP/202511/f4ef82e311_db71f72fa7.pdf,20251104_MAPA_Perubahan Corsec Komite Audit Alamat NPWP Internal Audit_31981941_lamp1.pdf,,
"05 Nov 2025
					05:45:40",https://www.idx.co.id/StaticData/NewsAndAnnouncement/ANNOUNCEMENTSTOCK/From_EREP/202511/1880fd1254_440becfabe.pdf,Perubahan Alamat/Nomor Telepon/Fax/E-Mail/Website/NPWP/NPKP (KOREKSI) [],MAPA,https://www.idx.co.id/StaticData/NewsAndAnnouncement/ANNOUNCEMENTSTOCK/From_EREP/202511/2eb9e1d23f_c451eeaed2.pdf,20251105_MAPA_Perubahan Corsec Komite Audit Alamat NPWP Internal Audit_31982278_lamp1.pdf,,
"07 Nov 2025
					16:42:39",https://www.idx.co.id/StaticData/NewsAndAnnouncement/ANNOUNCEMENTSTOCK/From_EREP/202511/f4e4eca168_9d53940b16.pdf,Laporan Bulanan Registrasi Pemegang Efek [],MAPA,https://www.idx.co.id/StaticData/NewsAndAnnouncement/ANNOUNCEMENTSTOCK/From_EREP/202511/8c12714f3e_0c54d26c22.pdf,20251106_MAPA_Laporan Bulanan Registrasi Pemegang Efek/Perubahan Struktur Pemegang Saham_31983044_lamp3.pdf,https://www.idx.co.id/StaticData/NewsAndAnnouncement/ANNOUNCEMENTSTOCK/From_EREP/202511/90bf85aa97_2db6d15013.pdf,20251106_MAPA_Laporan Bulanan Registrasi Pemegang Efek/Perubahan Struktur Pemegang Saham_31983044_lamp2.pdf
"05 Nov 2025
					05:26:50",https://www.idx.co.id/StaticData/NewsAndAnnouncement/ANNOUNCEMENTSTOCK/From_EREP/202511/f6f231f43a_d871c6f2b1.pdf,Perubahan Alamat/Nomor Telepon/Fax/E-Mail/Website/NPWP/NPKP [],MAPI,https://www.idx.co.id/StaticData/NewsAndAnnouncement/ANNOUNCEMENTSTOCK/From_EREP/202511/4e11da459f_0f937b98a8.pdf,20251105_MAPI_Perubahan Corsec Komite Audit Alamat NPWP Internal Audit_31982275_lamp1.pdf,,
"05 Nov 2025
					05:41:42",https://www.idx.co.id/StaticData/NewsAndAnnouncement/ANNOUNCEMENTSTOCK/From_EREP/202511/587a5f6fd2_58f477f4d4.pdf,Perubahan Alamat/Nomor Telepon/Fax/E-Mail/Website/NPWP/NPKP (KOREKSI) [],MAPI,https://www.idx.co.id/StaticData/NewsAndAnnouncement/ANNOUNCEMENTSTOCK/From_EREP/202511/7fb6179caf_a8f00308d1.pdf,20251105_MAPI_Perubahan Corsec Komite Audit Alamat NPWP Internal Audit_31982277_lamp1.pdf,,
"07 Nov 2025
					16:39:04",https://www.idx.co.id/StaticData/NewsAndAnnouncement/ANNOUNCEMENTSTOCK/From_EREP/202511/4067a8aeec_3b44aa0ff2.pdf,Laporan Bulanan Registrasi Pemegang Efek [],MAPI,https://www.idx.co.id/StaticData/NewsAndAnnouncement/ANNOUNCEMENTSTOCK/From_EREP/202511/70f24b70de_8a916e54b3.pdf,20251105_MAPI_Laporan Bulanan Registrasi Pemegang Efek/Perubahan Struktur Pemegang Saham_31982728_lamp2.pdf,https://www.idx.co.id/StaticData/NewsAndAnnouncement/ANNOUNCEMENTSTOCK/From_EREP/202511/785250acee_0fcba52727.pdf,20251105_MAPI_Laporan Bulanan Registrasi Pemegang Efek/Perubahan Struktur Pemegang Saham_31982728_lamp3.pdf
"10 Nov 2025
					21:24:54",https://www.idx.co.id/StaticData/NewsAndAnnouncement/ANNOUNCEMENTSTOCK/From_EREP/202511/04eb7e7a42_36b5c598bd.pdf,Laporan Bulanan Registrasi Pemegang Efek [],MBMA,https://www.idx.co.id/StaticData/NewsAndAnnouncement/ANNOUNCEMENTSTOCK/From_EREP/202511/4122bdc99d_197a867fac.pdf,20251107_MBMA_Laporan Bulanan Registrasi Pemegang Efek/Perubahan Struktur Pemegang Saham_31983388_lamp1.pdf,https://www.idx.co.id/StaticData/NewsAndAnnouncement/ANNOUNCEMENTSTOCK/From_EREP/202511/59ac871226_e316275bce.pdf,20251107_MBMA_Laporan Bulanan Registrasi Pemegang Efek/Perubahan Struktur Pemegang Saham_31983388_lamp3.pdf
"24 Nov 2025
					23:49:54",https://www.idx.co.id/StaticData/NewsAndAnnouncement/ANNOUNCEMENTSTOCK/From_EREP/202511/e424721b0b_c91b041a90.pdf,Informasi Tambahan Ringkas PUB Obligasi Berkelanjutan I Merdeka Battery Materials Tahap III Tahun 2025 dan Sukuk Mudharabah Berkelanjutan I Merdeka Battery Materials Tahap III Tahun 2025 [],MBMA,https://www.idx.co.id/StaticData/NewsAndAnnouncement/ANNOUNCEMENTSTOCK/From_EREP/202511/00f603f9f2_cc75fc8b2a.pdf,20251124_MBMA_Laporan Informasi dan Fakta Material_31987229_lamp1.pdf,https://www.idx.co.id/StaticData/NewsAndAnnouncement/ANNOUNCEMENTSTOCK/From_EREP/202511/96d09423e7_7b05489184.pdf,20251124_MBMA_Laporan Informasi dan Fakta Material_31987229_lamp2.pdf
"25 Nov 2025
					00:14:18",https://www.idx.co.id/StaticData/NewsAndAnnouncement/ANNOUNCEMENTSTOCK/From_EREP/202511/b77a076721_7773597d5a.pdf,Penyampaian Bukti Iklan Penyampaian Bukti Iklan Informasi Tambahan Ringkas PUB Obligasi Berkelanjutan I Merdeka Battery Materials Tahap III Tahun 2025 dan Sukuk Mudharabah Berkelanjutan I Merdeka Battery Materials Tahap III Tahun 2025 [],MBMA,https://www.idx.co.id/StaticData/NewsAndAnnouncement/ANNOUNCEMENTSTOCK/From_EREP/202511/692dcf0deb_b8724400e3.pdf,20251124_MBMA_Penyampaian Bukti Iklan_31987239_lamp1.pdf,,
"10 Nov 2025
					21:26:38",https://www.idx.co.id/StaticData/NewsAndAnnouncement/ANNOUNCEMENTSTOCK/From_EREP/202511/fd271dbbd9_795df41179.pdf,Laporan Bulanan Registrasi Pemegang Efek [],MDKA,https://www.idx.co.id/StaticData/NewsAndAnnouncement/ANNOUNCEMENTSTOCK/From_EREP/202511/21bfd702c3_e6d9cab782.pdf,20251104_MDKA_Laporan Bulanan Registrasi Pemegang Efek/Perubahan Struktur Pemegang Saham_31982130_lamp4.pdf,https://www.idx.co.id/StaticData/NewsAndAnnouncement/ANNOUNCEMENTSTOCK/From_EREP/202511/5f6e470fec_947afb75aa.pdf,20251104_MDKA_Laporan Bulanan Registrasi Pemegang Efek/Perubahan Struktur Pemegang Saham_31982130_lamp2.pdf
"21 Nov 2025
					13:42:36",https://www.idx.co.id/StaticData/NewsAndAnnouncement/ANNOUNCEMENTSTOCK/From_EREP/202511/fc604efd79_d22445e908.pdf,Informasi Pelunasan Efek [],MDKA,https://www.idx.co.id/StaticData/NewsAndAnnouncement/ANNOUNCEMENTSTOCK/From_EREP/202511/dc0236b3ad_feb55131a1.pdf,20251112_MDKA_Pembayaran Kupon/Bagi Hasil/Ijarah/Pokok_31984773_lamp1.pdf,,
"05 Nov 2025
					11:08:51",https://www.idx.co.id/StaticData/NewsAndAnnouncement/ANNOUNCEMENTSTOCK/From_EREP/202511/251509e103_d723afefd3.pdf,Laporan Bulanan Registrasi Pemegang Efek [],MEDC,https://www.idx.co.id/StaticData/NewsAndAnnouncement/ANNOUNCEMENTSTOCK/From_EREP/202511/4fa8552e3a_3f4036b1a2.pdf,20251105_MEDC_Laporan Bulanan Registrasi Pemegang Efek/Perubahan Struktur Pemegang Saham_31982494_lamp1.pdf,https://www.idx.co.id/StaticData/NewsAndAnnouncement/ANNOUNCEMENTSTOCK/From_EREP/202511/d994581d83_d6769e8626.pdf,20251105_MEDC_Laporan Bulanan Registrasi Pemegang Efek/Perubahan Struktur Pemegang Saham_31982494_lamp2.pdf
"06 Nov 2025
					11:05:43",https://www.idx.co.id/StaticData/NewsAndAnnouncement/ANNOUNCEMENTSTOCK/From_EREP/202511/9b326cb2de_06ba30b18d.pdf,"Press Release MedcoEnergi Bergabung dengan OGMP 2.0, Perkuat Komitmen terhadap Strategi Net-Zero []",MEDC,https://www.idx.co.id/StaticData/NewsAndAnnouncement/ANNOUNCEMENTSTOCK/From_EREP/202511/0ac7edd17d_bef850c217.pdf,20251106_MEDC_Laporan Informasi dan Fakta Material_31983016_lamp2.pdf,https://www.idx.co.id/StaticData/NewsAndAnnouncement/ANNOUNCEMENTSTOCK/From_EREP/202511/9d89b1f5c5_221c2416cc.pdf,20251106_MEDC_Laporan Informasi dan Fakta Material_31983016_lamp1.pdf
"12 Nov 2025
					15:39:44",https://www.idx.co.id/StaticData/NewsAndAnnouncement/ANNOUNCEMENTSTOCK/From_EREP/202511/a4fbb415e3_213b321a1a.pdf,Press Release MedcoEnergi Tambah Kapasitas 39 MW pada Sistem Kelistrikan Batam_Bintan [],MEDC,https://www.idx.co.id/StaticData/NewsAndAnnouncement/ANNOUNCEMENTSTOCK/From_EREP/202511/5e994dfc2b_5a06415a56.pdf,20251112_MEDC_Laporan Informasi dan Fakta Material_31984820_lamp1.pdf,https://www.idx.co.id/StaticData/NewsAndAnnouncement/ANNOUNCEMENTSTOCK/From_EREP/202511/5eb5a88de5_29a6c3b4f2.pdf,20251112_MEDC_Laporan Informasi dan Fakta Material_31984820_lamp2.pdf
"13 Nov 2025
					09:46:43",https://www.idx.co.id/StaticData/NewsAndAnnouncement/ANNOUNCEMENTSTOCK/From_EREP/202511/422f56f642_ef974f0614.pdf,Pengumuman Kurs Tengah BI tanggal 12 Nov 2025 untuk Dividen Interim 2025 [],MEDC,https://www.idx.co.id/StaticData/NewsAndAnnouncement/ANNOUNCEMENTSTOCK/From_EREP/202511/875d8a9e65_5916eda497.pdf,20251113_MEDC_Laporan Informasi dan Fakta Material_31984969_lamp1.pdf,,
"23 Nov 2025
					19:28:43",https://www.idx.co.id/StaticData/NewsAndAnnouncement/ANNOUNCEMENTSTOCK/From_EREP/202511/9728296015_6109feafc2.pdf,Press Release MedcoEnergi Memulai Perdagangan di OTCQX Best Market [],MEDC,https://www.idx.co.id/StaticData/NewsAndAnnouncement/ANNOUNCEMENTSTOCK/From_EREP/202511/9607559ec5_f7e5bffcca.pdf,20251123_MEDC_Laporan Informasi dan Fakta Material_31987101_lamp1.pdf,https://www.idx.co.id/StaticData/NewsAndAnnouncement/ANNOUNCEMENTSTOCK/From_EREP/202511/b70435b9e6_58efed4cec.pdf,20251123_MEDC_Laporan Informasi dan Fakta Material_31987101_lamp2.pdf
"03 Nov 2025
					15:34:38",https://www.idx.co.id/StaticData/NewsAndAnnouncement/ANNOUNCEMENTSTOCK/From_EREP/202511/94452b9b36_b0e7a5b69a.pdf,Perubahan Internal Audit [],PGAS,https://www.idx.co.id/StaticData/NewsAndAnnouncement/ANNOUNCEMENTSTOCK/From_EREP/202511/11636db352_895cf20656.pdf,20251103_PGAS_Perubahan Corsec Komite Audit Alamat NPWP Internal Audit_31981583_lamp2.pdf,https://www.idx.co.id/StaticData/NewsAndAnnouncement/ANNOUNCEMENTSTOCK/From_EREP/202511/40f148305a_db8b9bdc6a.pdf,20251103_PGAS_Perubahan Corsec Komite Audit Alamat NPWP Internal Audit_31981583_lamp1.pdf
"05 Nov 2025
					15:51:48",https://www.idx.co.id/StaticData/NewsAndAnnouncement/ANNOUNCEMENTSTOCK/From_EREP/202511/b8e354ee78_72cb751931.pdf,Laporan Bulanan Registrasi Pemegang Efek [],PGAS,https://www.idx.co.id/StaticData/NewsAndAnnouncement/ANNOUNCEMENTSTOCK/From_EREP/202511/253793a97a_190283afa8.pdf,20251105_PGAS_Laporan Bulanan Registrasi Pemegang Efek/Perubahan Struktur Pemegang Saham_31982669_lamp4.pdf,https://www.idx.co.id/StaticData/NewsAndAnnouncement/ANNOUNCEMENTSTOCK/From_EREP/202511/76ac16895d_94f140cd9c.pdf,20251105_PGAS_Laporan Bulanan Registrasi Pemegang Efek/Perubahan Struktur Pemegang Saham_31982669_lamp5.pdf
"20 Nov 2025
					10:48:39",https://www.idx.co.id/StaticData/NewsAndAnnouncement/ANNOUNCEMENTSTOCK/From_EREP/202511/1f5d1d5d47_4d828f0ae7.pdf,Pemberitahuan Rencana Rapat Umum Pemegang Saham Luar Biasa [],PGAS,https://www.idx.co.id/StaticData/NewsAndAnnouncement/ANNOUNCEMENTSTOCK/From_EREP/202511/4ccc083afb_ff968108b1.pdf,20251120_PGAS_Pengumuman RUPS_31986510_lamp2.pdf,https://www.idx.co.id/StaticData/NewsAndAnnouncement/ANNOUNCEMENTSTOCK/From_EREP/202511/6d332e2c97_472aa746ba.pdf,20251120_PGAS_Pengumuman RUPS_31986510_lamp3.pdf
"20 Nov 2025
					20:25:09",https://www.idx.co.id/StaticData/NewsAndAnnouncement/ANNOUNCEMENTSTOCK/From_EREP/202511/30fcbcbeb5_b5af3666d4.pdf,Penyampaian Bukti Iklan Pemberitahuan RUPS [],PGAS,https://www.idx.co.id/StaticData/NewsAndAnnouncement/ANNOUNCEMENTSTOCK/From_EREP/202511/360d50f145_f5cd95e5b1.pdf,20251120_PGAS_Penyampaian Bukti Iklan_31986807_lamp1.pdf,,
"05 Nov 2025
					14:14:09",https://www.idx.co.id/StaticData/NewsAndAnnouncement/ANNOUNCEMENTSTOCK/From_EREP/202511/0af91eaaf8_98289ed7b4.pdf,Laporan Bulanan Registrasi Pemegang Efek [],PGEO,https://www.idx.co.id/StaticData/NewsAndAnnouncement/ANNOUNCEMENTSTOCK/From_EREP/202511/2c8b7127be_15cb1cecbb.pdf,20251105_PGEO_Laporan Bulanan Registrasi Pemegang Efek/Perubahan Struktur Pemegang Saham_31982605_lamp3.pdf,https://www.idx.co.id/StaticData/NewsAndAnnouncement/ANNOUNCEMENTSTOCK/From_EREP/202511/5a780094f3_05ff22f0aa.pdf,20251105_PGEO_Laporan Bulanan Registrasi Pemegang Efek/Perubahan Struktur Pemegang Saham_31982605_lamp5.pdf
"06 Nov 2025
					19:34:05",https://www.idx.co.id/StaticData/NewsAndAnnouncement/ANNOUNCEMENTSTOCK/From_EREP/202511/4005a5808b_0a3e129cc6.pdf,Laporan Hasil Public Expose - Tahunan [],PGEO,https://www.idx.co.id/StaticData/NewsAndAnnouncement/ANNOUNCEMENTSTOCK/From_EREP/202511/291751f2ef_c0df2662c4.pdf,20251106_PGEO_Public Expose_31983357_lamp3.pdf,https://www.idx.co.id/StaticData/NewsAndAnnouncement/ANNOUNCEMENTSTOCK/From_EREP/202511/4f9c41e51d_ef1353aa48.pdf,20251106_PGEO_Public Expose_31983357_lamp2.pdf
"27 Nov 2025
					21:58:00",https://www.idx.co.id/StaticData/NewsAndAnnouncement/ANNOUNCEMENTSTOCK/From_EREP/202511/681aafa2fc_0c0bb4e4ea.pdf,Keterbukaan Informasi atas Pengunduran Diri Anggota Direksi PT Pertamina Geothermal Energy Tbk (Perseroan) [],PGEO,https://www.idx.co.id/StaticData/NewsAndAnnouncement/ANNOUNCEMENTSTOCK/From_EREP/202511/ac27765ee3_27b29b0f55.pdf,20251127_PGEO_Laporan Informasi dan Fakta Material_31988115_lamp1.pdf,,
"05 Nov 2025
					13:45:36",https://www.idx.co.id/StaticData/NewsAndAnnouncement/ANNOUNCEMENTSTOCK/From_EREP/202511/128531c8cc_a1d8712da4.pdf,Laporan Bulanan Registrasi Pemegang Efek [],PTBA,https://www.idx.co.id/StaticData/NewsAndAnnouncement/ANNOUNCEMENTSTOCK/From_EREP/202511/1322a499e8_8c8f7c8754.pdf,20251105_PTBA_Laporan Bulanan Registrasi Pemegang Efek/Perubahan Struktur Pemegang Saham_31982570_lamp2.pdf,https://www.idx.co.id/StaticData/NewsAndAnnouncement/ANNOUNCEMENTSTOCK/From_EREP/202511/1ebb53c3b9_7579ebced5.pdf,20251105_PTBA_Laporan Bulanan Registrasi Pemegang Efek/Perubahan Struktur Pemegang Saham_31982570_lamp3.pdf
"07 Nov 2025
					14:15:54",https://www.idx.co.id/StaticData/NewsAndAnnouncement/ANNOUNCEMENTSTOCK/From_EREP/202511/bad77119f5_dc7bc2a208.pdf,Pemberitahuan Rencana Rapat Umum Pemegang Saham Luar Biasa [],PTBA,https://www.idx.co.id/StaticData/NewsAndAnnouncement/ANNOUNCEMENTSTOCK/From_EREP/202511/57c4b7f21a_35cf72278f.pdf,20251107_PTBA_Pengumuman RUPS_31983514_lamp2.pdf,https://www.idx.co.id/StaticData/NewsAndAnnouncement/ANNOUNCEMENTSTOCK/From_EREP/202511/c3abc3abdd_7e29238019.pdf,20251107_PTBA_Pengumuman RUPS_31983514_lamp1.pdf
"07 Nov 2025
					14:34:30",https://www.idx.co.id/StaticData/NewsAndAnnouncement/ANNOUNCEMENTSTOCK/From_EREP/202511/614991f3ba_5f35310830.pdf,Penyampaian Bukti Iklan Pemberitahuan RUPS [],PTBA,https://www.idx.co.id/StaticData/NewsAndAnnouncement/ANNOUNCEMENTSTOCK/From_EREP/202511/9215194a4f_72ab09dbdc.pdf,20251107_PTBA_Penyampaian Bukti Iklan_31983616_lamp2.pdf,https://www.idx.co.id/StaticData/NewsAndAnnouncement/ANNOUNCEMENTSTOCK/From_EREP/202511/d826daf45e_6f8c5daf9d.pdf,20251107_PTBA_Penyampaian Bukti Iklan_31983616_lamp1.pdf
"12 Nov 2025
					16:45:01",https://www.idx.co.id/StaticData/NewsAndAnnouncement/ANNOUNCEMENTSTOCK/From_EREP/202511/b360601aaa_56ef67916f.pdf,Keterbukaan Informasi Penandatanganan Fasilitas Berjangka Senior [],PTBA,https://www.idx.co.id/StaticData/NewsAndAnnouncement/ANNOUNCEMENTSTOCK/From_EREP/202511/58c9156038_e9859a1e4d.pdf,20251112_PTBA_Laporan Informasi dan Fakta Material_31984804_lamp1.pdf,,
"24 Nov 2025
					14:38:58",https://www.idx.co.id/StaticData/NewsAndAnnouncement/ANNOUNCEMENTSTOCK/From_EREP/202511/9a9fdb6d0a_8cdb02350e.pdf,Pemanggilan Rapat Umum Pemegang Saham Luar Biasa [],PTBA,https://www.idx.co.id/StaticData/NewsAndAnnouncement/ANNOUNCEMENTSTOCK/From_EREP/202511/8dcf038452_18d6989345.pdf,20251124_PTBA_Pemanggilan RUPS_31987197_lamp1.pdf,https://www.idx.co.id/StaticData/NewsAndAnnouncement/ANNOUNCEMENTSTOCK/From_EREP/202511/d96f020319_9c3d573610.pdf,20251124_PTBA_Pemanggilan RUPS_31987197_lamp2.pdf
"24 Nov 2025
					15:47:51",https://www.idx.co.id/StaticData/NewsAndAnnouncement/ANNOUNCEMENTSTOCK/From_EREP/202511/36b4612e58_ef9dfa3a64.pdf,Penyampaian Bukti Iklan Panggilan RUPS [],PTBA,https://www.idx.co.id/StaticData/NewsAndAnnouncement/ANNOUNCEMENTSTOCK/From_EREP/202511/52c95c46fc_421580a120.pdf,20251124_PTBA_Penyampaian Bukti Iklan_31987268_lamp2.pdf,https://www.idx.co.id/StaticData/NewsAndAnnouncement/ANNOUNCEMENTSTOCK/From_EREP/202511/6c2e9f95ad_75acc78743.pdf,20251124_PTBA_Penyampaian Bukti Iklan_31987268_lamp1.pdf
"10 Nov 2025
					17:30:15",https://www.idx.co.id/StaticData/NewsAndAnnouncement/ANNOUNCEMENTSTOCK/From_EREP/202511/4596dcb5f1_c44186c2d3.pdf,Laporan Bulanan Registrasi Pemegang Efek [],SCMA,https://www.idx.co.id/StaticData/NewsAndAnnouncement/ANNOUNCEMENTSTOCK/From_EREP/202511/13a2c079c6_8dda3c8ef1.pdf,20251110_SCMA_Laporan Bulanan Registrasi Pemegang Efek/Perubahan Struktur Pemegang Saham_31984197_lamp1.pdf,,
"10 Nov 2025
					17:45:48",https://www.idx.co.id/StaticData/NewsAndAnnouncement/ANNOUNCEMENTSTOCK/From_EREP/202511/080b384bc3_90a570b115.pdf,Jadwal Dividen Tunai Interim [],SCMA,https://www.idx.co.id/StaticData/NewsAndAnnouncement/ANNOUNCEMENTSTOCK/From_EREP/202511/a2b6a62157_4e5387b5e0.pdf,20251110_SCMA_Jadwal Aksi Korporasi (Khusus Penyampaian Dividen Interim)_31984284_lamp1.pdf,https://www.idx.co.id/StaticData/NewsAndAnnouncement/ANNOUNCEMENTSTOCK/From_EREP/202511/b5cfcbfb39_29b5110ad9.pdf,20251110_SCMA_Jadwal Aksi Korporasi (Khusus Penyampaian Dividen Interim)_31984284_lamp2.pdf
"10 Nov 2025
					18:27:00",https://www.idx.co.id/StaticData/NewsAndAnnouncement/ANNOUNCEMENTSTOCK/From_EREP/202511/6aa72934e2_28d94ff322.pdf,Jadwal Dividen Tunai Interim (KOREKSI) [],SCMA,https://www.idx.co.id/StaticData/NewsAndAnnouncement/ANNOUNCEMENTSTOCK/From_EREP/202511/029d0c8337_00aa99b338.pdf,20251110_SCMA_Jadwal Aksi Korporasi (Khusus Penyampaian Dividen Interim)_31984298_lamp2.pdf,https://www.idx.co.id/StaticData/NewsAndAnnouncement/ANNOUNCEMENTSTOCK/From_EREP/202511/abc12c0105_7e95f88385.pdf,20251110_SCMA_Jadwal Aksi Korporasi (Khusus Penyampaian Dividen Interim)_31984298_lamp1.pdf
"11 Nov 2025
					14:52:26",https://www.idx.co.id/StaticData/NewsAndAnnouncement/ANNOUNCEMENTSTOCK/From_EREP/202511/109be54251_440797f908.pdf,Jadwal Dividen Tunai Interim (KOREKSI) [],SCMA,https://www.idx.co.id/StaticData/NewsAndAnnouncement/ANNOUNCEMENTSTOCK/From_EREP/202511/18314a4416_339b02767e.pdf,20251111_SCMA_Jadwal Aksi Korporasi (Khusus Penyampaian Dividen Interim)_31984497_lamp1.pdf,https://www.idx.co.id/StaticData/NewsAndAnnouncement/ANNOUNCEMENTSTOCK/From_EREP/202511/3be70564c6_b40f64294e.pdf,20251111_SCMA_Jadwal Aksi Korporasi (Khusus Penyampaian Dividen Interim)_31984497_lamp2.pdf
"03 Nov 2025
					16:56:55",https://www.idx.co.id/StaticData/NewsAndAnnouncement/ANNOUNCEMENTSTOCK/From_EREP/202511/a2a98f6234_1fe06cdfbf.pdf,Pemegang Saham di atas 5% (KSEI) [],Semua Emiten Saham,https://www.idx.co.id/StaticData/NewsAndAnnouncement/ANNOUNCEMENTSTOCK/From_EREP/202511/a2f511f69c_a44613a57d.pdf,20251103_Semua Emiten Saham_Pengumuman Bursa_31981465_lamp1.pdf,,
"04 Nov 2025
					16:24:24",https://www.idx.co.id/StaticData/NewsAndAnnouncement/ANNOUNCEMENTSTOCK/From_EREP/202511/fb933d1922_5a94a24844.pdf,Pemegang Saham di atas 5% (KSEI) [],Semua Emiten Saham,https://www.idx.co.id/StaticData/NewsAndAnnouncement/ANNOUNCEMENTSTOCK/From_EREP/202511/9133c4d463_c199f106ff.pdf,20251104_Semua Emiten Saham_Pengumuman Bursa_31981930_lamp1.pdf,,
"05 Nov 2025
					16:35:45",https://www.idx.co.id/StaticData/NewsAndAnnouncement/ANNOUNCEMENTSTOCK/From_EREP/202511/c09a8ed48c_9a94ebd65b.pdf,Pemegang Saham di atas 5% (KSEI) [],Semua Emiten Saham,https://www.idx.co.id/StaticData/NewsAndAnnouncement/ANNOUNCEMENTSTOCK/From_EREP/202511/9f274f1c35_b6acda3e32.pdf,20251105_Semua Emiten Saham_Pengumuman Bursa_31982536_lamp1.pdf,,
"06 Nov 2025
					17:18:08",https://www.idx.co.id/StaticData/NewsAndAnnouncement/ANNOUNCEMENTSTOCK/From_EREP/202511/1e16ffaa7e_6c81d2de70.pdf,Pemegang Saham di atas 5% (KSEI) [],Semua Emiten Saham,https://www.idx.co.id/StaticData/NewsAndAnnouncement/ANNOUNCEMENTSTOCK/From_EREP/202511/eae0a78afd_8f2740a16b.pdf,20251106_Semua Emiten Saham_Pengumuman Bursa_31983096_lamp1.pdf,,
"07 Nov 2025
					16:00:16",https://www.idx.co.id/StaticData/NewsAndAnnouncement/ANNOUNCEMENTSTOCK/From_EREP/202511/569e532bac_a09b637636.pdf,Pemegang Saham di atas 5% (KSEI) [],Semua Emiten Saham,https://www.idx.co.id/StaticData/NewsAndAnnouncement/ANNOUNCEMENTSTOCK/From_EREP/202511/e7f2ee6adc_1942fc24b9.pdf,20251107_Semua Emiten Saham_Pengumuman Bursa_31983532_lamp1.pdf,,
"10 Nov 2025
					15:40:49",https://www.idx.co.id/StaticData/NewsAndAnnouncement/ANNOUNCEMENTSTOCK/From_EREP/202511/f6fcd6bba3_4d1f435f58.pdf,Pemegang Saham di atas 5% (KSEI) [],Semua Emiten Saham,https://www.idx.co.id/StaticData/NewsAndAnnouncement/ANNOUNCEMENTSTOCK/From_EREP/202511/9493e91439_043674544c.pdf,20251110_Semua Emiten Saham_Pengumuman Bursa_31984070_lamp1.pdf,,
"11 Nov 2025
					17:13:15",https://www.idx.co.id/StaticData/NewsAndAnnouncement/ANNOUNCEMENTSTOCK/From_EREP/202511/f70798ee3e_32269c4e3d.pdf,Pemegang Saham di atas 5% (KSEI) [],Semua Emiten Saham,https://www.idx.co.id/StaticData/NewsAndAnnouncement/ANNOUNCEMENTSTOCK/From_EREP/202511/1d4bce49ea_cd6b1aa0ca.pdf,20251111_Semua Emiten Saham_Pengumuman Bursa_31984409_lamp1.pdf,,
"12 Nov 2025
					16:41:02",https://www.idx.co.id/StaticData/NewsAndAnnouncement/ANNOUNCEMENTSTOCK/From_EREP/202511/6d18682a5d_485224ffad.pdf,Pemegang Saham di atas 5% (KSEI) [],Semua Emiten Saham,https://www.idx.co.id/StaticData/NewsAndAnnouncement/ANNOUNCEMENTSTOCK/From_EREP/202511/624d95838a_1d80c589d1.pdf,20251112_Semua Emiten Saham_Pengumuman Bursa_31984748_lamp1.pdf,,
"14 Nov 2025
					17:17:26",https://www.idx.co.id/StaticData/NewsAndAnnouncement/ANNOUNCEMENTSTOCK/From_EREP/202511/07e4fbaed8_348f7c178b.pdf,Pemegang Saham di atas 5% (KSEI) [],Semua Emiten Saham,https://www.idx.co.id/StaticData/NewsAndAnnouncement/ANNOUNCEMENTSTOCK/From_EREP/202511/e9204f9245_68eedae7cc.pdf,20251113_Semua Emiten Saham_Pengumuman Bursa_31985028_lamp1.pdf,,
"14 Nov 2025
					17:19:49",https://www.idx.co.id/StaticData/NewsAndAnnouncement/ANNOUNCEMENTSTOCK/From_EREP/202511/5d338a4274_eb3b7ee1e9.pdf,Pemegang Saham di atas 5% (KSEI) [],Semua Emiten Saham,https://www.idx.co.id/StaticData/NewsAndAnnouncement/ANNOUNCEMENTSTOCK/From_EREP/202511/b1f49fb4fc_61bc2e70f0.pdf,20251114_Semua Emiten Saham_Pengumuman Bursa_31985359_lamp1.pdf,,
"17 Nov 2025
					15:12:46",https://www.idx.co.id/StaticData/NewsAndAnnouncement/ANNOUNCEMENTSTOCK/From_EREP/202511/850a8c1142_1796ecf756.pdf,Pemegang Saham di atas 5% (KSEI) [],Semua Emiten Saham,https://www.idx.co.id/StaticData/NewsAndAnnouncement/ANNOUNCEMENTSTOCK/From_EREP/202511/5130dc07c3_396509250f.pdf,20251117_Semua Emiten Saham_Pengumuman Bursa_31985655_lamp1.pdf,,
"18 Nov 2025
					17:06:12",https://www.idx.co.id/StaticData/NewsAndAnnouncement/ANNOUNCEMENTSTOCK/From_EREP/202511/357f682590_ab67d32882.pdf,Pemegang Saham di atas 5% (KSEI) [],Semua Emiten Saham,https://www.idx.co.id/StaticData/NewsAndAnnouncement/ANNOUNCEMENTSTOCK/From_EREP/202511/761fa935a5_8dcbdcebe2.pdf,20251118_Semua Emiten Saham_Pengumuman Bursa_31985967_lamp1.pdf,,
"19 Nov 2025
					15:16:36",https://www.idx.co.id/StaticData/NewsAndAnnouncement/ANNOUNCEMENTSTOCK/From_EREP/202511/7e7930730a_34eea88e51.pdf,Pemegang Saham di atas 5% (KSEI) [],Semua Emiten Saham,https://www.idx.co.id/StaticData/NewsAndAnnouncement/ANNOUNCEMENTSTOCK/From_EREP/202511/9b72797af3_7876a7577a.pdf,20251119_Semua Emiten Saham_Pengumuman Bursa_31986253_lamp1.pdf,,
"20 Nov 2025
					15:21:54",https://www.idx.co.id/StaticData/NewsAndAnnouncement/ANNOUNCEMENTSTOCK/From_EREP/202511/0dfa0da6fc_089483156f.pdf,Pemegang Saham di atas 5% (KSEI) [],Semua Emiten Saham,https://www.idx.co.id/StaticData/NewsAndAnnouncement/ANNOUNCEMENTSTOCK/From_EREP/202511/6a7a42f0d6_a8c262760b.pdf,20251120_Semua Emiten Saham_Pengumuman Bursa_31986576_lamp1.pdf,,
"24 Nov 2025
					10:00:52",https://www.idx.co.id/StaticData/NewsAndAnnouncement/ANNOUNCEMENTSTOCK/From_EREP/202511/764ab2385c_35b9fa2225.pdf,Pemegang Saham di atas 5% (KSEI) [],Semua Emiten Saham,https://www.idx.co.id/StaticData/NewsAndAnnouncement/ANNOUNCEMENTSTOCK/From_EREP/202511/2124371e7c_fd78f2ccd1.pdf,20251121_Semua Emiten Saham_Pengumuman Bursa_31986938_lamp1.pdf,,
"24 Nov 2025
					16:04:22",https://www.idx.co.id/StaticData/NewsAndAnnouncement/ANNOUNCEMENTSTOCK/From_EREP/202511/32f04f70f8_6b9a5f2225.pdf,Pemegang Saham di atas 5% (KSEI) [],Semua Emiten Saham,https://www.idx.co.id/StaticData/NewsAndAnnouncement/ANNOUNCEMENTSTOCK/From_EREP/202511/ce64593c5d_0bca9ac651.pdf,20251124_Semua Emiten Saham_Pengumuman Bursa_31987181_lamp1.pdf,,
"25 Nov 2025
					16:25:47",https://www.idx.co.id/StaticData/NewsAndAnnouncement/ANNOUNCEMENTSTOCK/From_EREP/202511/1c594f63df_bea49b9565.pdf,Pemegang Saham di atas 5% (KSEI) [],Semua Emiten Saham,https://www.idx.co.id/StaticData/NewsAndAnnouncement/ANNOUNCEMENTSTOCK/From_EREP/202511/811187b5ff_26d29c5f36.pdf,20251125_Semua Emiten Saham_Pengumuman Bursa_31987445_lamp1.pdf,,
"26 Nov 2025
					18:20:40",https://www.idx.co.id/StaticData/NewsAndAnnouncement/ANNOUNCEMENTSTOCK/From_EREP/202511/94d3ab8b14_ef3f9b8f0a.pdf,Pemegang Saham di atas 5% (KSEI) [],Semua Emiten Saham,https://www.idx.co.id/StaticData/NewsAndAnnouncement/ANNOUNCEMENTSTOCK/From_EREP/202511/03dd56b228_e02904754b.pdf,20251126_Semua Emiten Saham_Pengumuman Bursa_31987803_lamp1.pdf,,
"27 Nov 2025
					18:07:42",https://www.idx.co.id/StaticData/NewsAndAnnouncement/ANNOUNCEMENTSTOCK/From_EREP/202511/2aaf874c4b_845306cdba.pdf,Pemegang Saham di atas 5% (KSEI) [],Semua Emiten Saham,https://www.idx.co.id/StaticData/NewsAndAnnouncement/ANNOUNCEMENTSTOCK/From_EREP/202511/c3b07eea81_ef5e15bd1d.pdf,20251127_Semua Emiten Saham_Pengumuman Bursa_31988069_lamp1.pdf,,
"28 Nov 2025
					17:41:16",https://www.idx.co.id/StaticData/NewsAndAnnouncement/ANNOUNCEMENTSTOCK/From_EREP/202511/61765ab60c_d102e3e9a1.pdf,Pemegang Saham di atas 5% (KSEI) [],Semua Emiten Saham,https://www.idx.co.id/StaticData/NewsAndAnnouncement/ANNOUNCEMENTSTOCK/From_EREP/202511/4e06f52a1a_5ba3068125.pdf,20251128_Semua Emiten Saham_Pengumuman Bursa_31988315_lamp1.pdf,,
"04 Nov 2025
					18:17:43",https://www.idx.co.id/StaticData/NewsAndAnnouncement/ANNOUNCEMENTSTOCK/From_EREP/202511/c4c2040436_4088c0563b.pdf,Laporan Bulanan Registrasi Pemegang Efek [],SMGR,https://www.idx.co.id/StaticData/NewsAndAnnouncement/ANNOUNCEMENTSTOCK/From_EREP/202511/6543eacbcf_98ad98d0d0.pdf,20251104_SMGR_Laporan Bulanan Registrasi Pemegang Efek/Perubahan Struktur Pemegang Saham_31982222_lamp1.pdf,,
"09 Nov 2025
					23:04:38",https://www.idx.co.id/StaticData/NewsAndAnnouncement/ANNOUNCEMENTSTOCK/From_EREP/202511/4d19b216a2_c9d8ad71db.pdf,Jatuh Tempo Obligasi / Sukuk Korporasi [],SMGR,https://www.idx.co.id/StaticData/NewsAndAnnouncement/ANNOUNCEMENTSTOCK/From_EREP/202511/f0a1783c3b_1ae3921ab4.pdf,20251107_SMGR_Pengumuman Jatuh Tempo Obligasi dan Sukuk_31983689_lamp1.pdf,,
"13 Nov 2025
					15:13:09",https://www.idx.co.id/StaticData/NewsAndAnnouncement/ANNOUNCEMENTSTOCK/From_EREP/202511/c7da5e8fdb_f51d876c53.pdf,Pemberitahuan Rencana Rapat Umum Pemegang Saham Luar Biasa [],SMGR,https://www.idx.co.id/StaticData/NewsAndAnnouncement/ANNOUNCEMENTSTOCK/From_EREP/202511/264d69381e_cb288dfee7.pdf,20251113_SMGR_Pengumuman RUPS_31985072_lamp1.pdf,,
"20 Nov 2025
					14:22:21",https://www.idx.co.id/StaticData/NewsAndAnnouncement/ANNOUNCEMENTSTOCK/From_EREP/202511/75055871c8_43e5bf5852.pdf,Penyampaian Bukti Iklan Pemberitahuan RUPS [],SMGR,https://www.idx.co.id/StaticData/NewsAndAnnouncement/ANNOUNCEMENTSTOCK/From_EREP/202511/db5d29966e_95cd294432.pdf,20251120_SMGR_Penyampaian Bukti Iklan_31986627_lamp1.pdf,https://www.idx.co.id/StaticData/NewsAndAnnouncement/ANNOUNCEMENTSTOCK/From_EREP/202511/f1dd8e6b13_066fa64804.pdf,20251120_SMGR_Penyampaian Bukti Iklan_31986627_lamp2.pdf
"28 Nov 2025
					17:04:57",https://www.idx.co.id/StaticData/NewsAndAnnouncement/ANNOUNCEMENTSTOCK/From_EREP/202511/1292fab819_be8b476972.pdf,Pemanggilan Rapat Umum Pemegang Saham Luar Biasa [],SMGR,https://www.idx.co.id/StaticData/NewsAndAnnouncement/ANNOUNCEMENTSTOCK/From_EREP/202511/f525cea0ec_33eb4b5771.pdf,20251128_SMGR_Pemanggilan RUPS_31988416_lamp2.pdf,https://www.idx.co.id/StaticData/NewsAndAnnouncement/ANNOUNCEMENTSTOCK/From_EREP/202511/f52eafcd8c_9335969ef8.pdf,20251128_SMGR_Pemanggilan RUPS_31988416_lamp1.pdf
"05 Nov 2025
					16:56:08",https://www.idx.co.id/StaticData/NewsAndAnnouncement/ANNOUNCEMENTSTOCK/From_EREP/202511/0187c540fd_2f6bfd4c5c.pdf,Laporan Bulanan Registrasi Pemegang Efek [],SMRA,https://www.idx.co.id/StaticData/NewsAndAnnouncement/ANNOUNCEMENTSTOCK/From_EREP/202511/64349b284c_56b35efa3c.pdf,20251105_SMRA_Laporan Bulanan Registrasi Pemegang Efek/Perubahan Struktur Pemegang Saham_31982288_lamp1.pdf,,
"17 Nov 2025
					15:24:04",https://www.idx.co.id/StaticData/NewsAndAnnouncement/ANNOUNCEMENTSTOCK/From_EREP/202511/716f03b56d_4745627201.pdf,Laporan Transaksi Afiliasi [],SMRA,https://www.idx.co.id/StaticData/NewsAndAnnouncement/ANNOUNCEMENTSTOCK/From_EREP/202511/745c673f60_a9843db79f.pdf,20251117_SMRA_Laporan Informasi dan Fakta Material_31985723_lamp1.pdf,,
"27 Nov 2025
					13:43:45",https://www.idx.co.id/StaticData/NewsAndAnnouncement/ANNOUNCEMENTSTOCK/From_EREP/202502/20260220180827-59183-0/FinancialStatement-2025-III-SMRA.pdf,Penyampaian Laporan Keuangan Interim Yang Ditelaah Secara Terbatas [],SMRA,https://www.idx.co.id/StaticData/NewsAndAnnouncement/ANNOUNCEMENTSTOCK/From_EREP/202502/20260220180827-59183-0/FinancialStatement-2025-III-SMRA.xlsx,FinancialStatement-2025-III-SMRA.xlsx,https://www.idx.co.id/StaticData/NewsAndAnnouncement/ANNOUNCEMENTSTOCK/From_EREP/202502/20260220180827-59183-0/inlineXBRL.zip,inlineXBRL.zip
"27 Nov 2025
					16:57:31",https://www.idx.co.id/StaticData/NewsAndAnnouncement/ANNOUNCEMENTSTOCK/From_EREP/202511/9dcdeb1d37_900a8f62c1.pdf,Penyampaian Bukti Iklan Informasi Laporan Keuangan Interim [],SMRA,https://www.idx.co.id/StaticData/NewsAndAnnouncement/ANNOUNCEMENTSTOCK/From_EREP/202511/9c19ae3042_6163acfe90.pdf,20251127_SMRA_Penyampaian Bukti Iklan_31988102_lamp1.pdf,,
"28 Nov 2025
					22:10:58",https://www.idx.co.id/StaticData/NewsAndAnnouncement/ANNOUNCEMENTSTOCK/From_EREP/202511/5b3bcef7f7_bf63ea855c.pdf,Pembelian atau penjualan aset yang sifatnya penting [],SMRA,https://www.idx.co.id/StaticData/NewsAndAnnouncement/ANNOUNCEMENTSTOCK/From_EREP/202511/ee2d3e1fe3_fc28c125cb.pdf,20251128_SMRA_Laporan Informasi dan Fakta Material_31988584_lamp1.pdf,,
"07 Nov 2025
					15:51:32",https://www.idx.co.id/StaticData/NewsAndAnnouncement/ANNOUNCEMENTSTOCK/From_EREP/202511/9b681247a0_9397dcd276.pdf,Laporan Bulanan Registrasi Pemegang Efek [],TLKM,https://www.idx.co.id/StaticData/NewsAndAnnouncement/ANNOUNCEMENTSTOCK/From_EREP/202511/2468d4d39c_5bb62410a9.pdf,20251107_TLKM_Laporan Bulanan Registrasi Pemegang Efek/Perubahan Struktur Pemegang Saham_31983655_lamp1.pdf,,
"20 Nov 2025
					23:01:31",https://www.idx.co.id/StaticData/NewsAndAnnouncement/ANNOUNCEMENTSTOCK/From_EREP/202511/90cc0b3f15_60d8939046.pdf,Pemanggilan Rapat Umum Pemegang Saham Luar Biasa [],TLKM,https://www.idx.co.id/StaticData/NewsAndAnnouncement/ANNOUNCEMENTSTOCK/From_EREP/202511/4c21c575e9_ab4585cca6.pdf,20251120_TLKM_Pemanggilan RUPS_31986818_lamp1.pdf,https://www.idx.co.id/StaticData/NewsAndAnnouncement/ANNOUNCEMENTSTOCK/From_EREP/202511/9ca99a94a1_dbf9bb6acf.pdf,20251120_TLKM_Pemanggilan RUPS_31986818_lamp2.pdf
"21 Nov 2025
					08:22:20",https://www.idx.co.id/StaticData/NewsAndAnnouncement/ANNOUNCEMENTSTOCK/From_EREP/202511/c919b6ae47_e8f3ddf3ee.pdf,Penyampaian Pengunduran Diri Komisaris Independen PT Telkom Indonesia (Persero) Tbk [],TLKM,https://www.idx.co.id/StaticData/NewsAndAnnouncement/ANNOUNCEMENTSTOCK/From_EREP/202511/76d15435c8_afc82fb9b8.pdf,20251121_TLKM_Laporan Informasi dan Fakta Material_31986827_lamp2.pdf,https://www.idx.co.id/StaticData/NewsAndAnnouncement/ANNOUNCEMENTSTOCK/From_EREP/202511/9ced705190_9a1851fb8f.pdf,20251121_TLKM_Laporan Informasi dan Fakta Material_31986827_lamp1.pdf
"28 Nov 2025
					22:25:40",https://www.idx.co.id/StaticData/NewsAndAnnouncement/ANNOUNCEMENTSTOCK/From_EREP/202511/dd08877a59_d5330fad79.pdf,Penjelasan atas Pemberitaan Media Massa [],TLKM,https://www.idx.co.id/StaticData/NewsAndAnnouncement/ANNOUNCEMENTSTOCK/From_EREP/202511/e5ab8b1046_7835fb2689.pdf,20251128_TLKM_Tanggapan atas Permintaan Penjelasan Bursa_31988585_lamp1.pdf,,
"10 Nov 2025
					11:16:43",https://www.idx.co.id/StaticData/NewsAndAnnouncement/ANNOUNCEMENTSTOCK/From_EREP/202511/06bf9d689b_a056c618ec.pdf,Laporan Bulanan Registrasi Pemegang Efek [],TMAS,https://www.idx.co.id/StaticData/NewsAndAnnouncement/ANNOUNCEMENTSTOCK/From_EREP/202511/87cb81bc4b_70efc32ac5.pdf,20251107_TMAS_Laporan Bulanan Registrasi Pemegang Efek/Perubahan Struktur Pemegang Saham_31983392_lamp1.pdf,,
"06 Nov 2025
					10:35:48",https://www.idx.co.id/StaticData/NewsAndAnnouncement/ANNOUNCEMENTSTOCK/From_EREP/202511/04f55582ed_27e2e892b6.pdf,Laporan Bulanan Registrasi Pemegang Efek [],TOWR,https://www.idx.co.id/StaticData/NewsAndAnnouncement/ANNOUNCEMENTSTOCK/From_EREP/202511/9f1ef51728_2c0e4877b2.pdf,20251106_TOWR_Laporan Bulanan Registrasi Pemegang Efek/Perubahan Struktur Pemegang Saham_31982930_lamp1.pdf,,
"17 Nov 2025
					20:15:09",https://www.idx.co.id/StaticData/NewsAndAnnouncement/ANNOUNCEMENTSTOCK/From_EREP/202511/81d8fb3928_261ef696a3.pdf,"Penandatanganan Perubahan dan Pernyataan Kembali Perjanjian Fasilitas Pinjaman Berulang dan Pinjaman Berjangka antara Protelindo, Iforte, BIT, SUPR, IPI, VTS, IEN, IBST dengan PT Bank Permata Tbk []",TOWR,https://www.idx.co.id/StaticData/NewsAndAnnouncement/ANNOUNCEMENTSTOCK/From_EREP/202511/667a952f1f_f5383836ec.pdf,20251117_TOWR_Laporan Informasi dan Fakta Material_31985858_lamp1.pdf,,
"21 Nov 2025
					16:53:06",https://www.idx.co.id/StaticData/NewsAndAnnouncement/ANNOUNCEMENTSTOCK/From_EREP/202511/68d8cf5c7b_ca343c5b20.pdf,Penandatanganan Amandemen Perjanjian Fasilitas Pinjaman Bergulir antara Protelindo dengan PT Bank BNP Paribas Indonesia [],TOWR,https://www.idx.co.id/StaticData/NewsAndAnnouncement/ANNOUNCEMENTSTOCK/From_EREP/202511/50216901e5_2c6907d195.pdf,20251121_TOWR_Laporan Informasi dan Fakta Material_31987009_lamp1.pdf,,
"07 Nov 2025
					18:05:38",https://www.idx.co.id/StaticData/NewsAndAnnouncement/ANNOUNCEMENTSTOCK/From_EREP/202511/93518585e6_3741554373.pdf,Laporan Bulanan Registrasi Pemegang Efek [],UNTR,https://www.idx.co.id/StaticData/NewsAndAnnouncement/ANNOUNCEMENTSTOCK/From_EREP/202511/4fbeda81db_a65d790bee.pdf,20251107_UNTR_Laporan Bulanan Registrasi Pemegang Efek/Perubahan Struktur Pemegang Saham_31983795_lamp2.pdf,https://www.idx.co.id/StaticData/NewsAndAnnouncement/ANNOUNCEMENTSTOCK/From_EREP/202511/8a1e2a6c39_3cb24b0b83.pdf,20251107_UNTR_Laporan Bulanan Registrasi Pemegang Efek/Perubahan Struktur Pemegang Saham_31983795_lamp3.pdf
"11 Nov 2025
					16:11:08",https://www.idx.co.id/StaticData/NewsAndAnnouncement/ANNOUNCEMENTSTOCK/From_EREP/202511/a14fa40c2e_c4cd518c1c.pdf,Transaksi Afiliasi [],UNTR,https://www.idx.co.id/StaticData/NewsAndAnnouncement/ANNOUNCEMENTSTOCK/From_EREP/202511/d3256d1af0_7ef98755db.pdf,20251111_UNTR_Informasi Transaksi Afiliasi_31984403_lamp1.pdf,,
"10 Nov 2025
					11:44:55",https://www.idx.co.id/StaticData/NewsAndAnnouncement/ANNOUNCEMENTSTOCK/From_EREP/202511/178d353a4d_9898dcdbb6.pdf,Laporan Bulanan Registrasi Pemegang Efek [],UNVR,https://www.idx.co.id/StaticData/NewsAndAnnouncement/ANNOUNCEMENTSTOCK/From_EREP/202511/a1d9996c3d_6e7704fce0.pdf,20251110_UNVR_Laporan Bulanan Registrasi Pemegang Efek/Perubahan Struktur Pemegang Saham_31984013_lamp3.pdf,https://www.idx.co.id/StaticData/NewsAndAnnouncement/ANNOUNCEMENTSTOCK/From_EREP/202511/ca0d0e849b_63c294a779.pdf,20251110_UNVR_Laporan Bulanan Registrasi Pemegang Efek/Perubahan Struktur Pemegang Saham_31984013_lamp2.pdf
"18 Nov 2025
					23:17:32",https://www.idx.co.id/StaticData/NewsAndAnnouncement/ANNOUNCEMENTSTOCK/From_EREP/202511/a767c17f32_87f45e25ab.pdf,Penerbitan SKS Pengganti Karena Saham Hilang PT Unilever Indonesia Tbk [],UNVR,https://www.idx.co.id/StaticData/NewsAndAnnouncement/ANNOUNCEMENTSTOCK/From_EREP/202511/c307c6e187_373629d5d5.pdf,20251118_UNVR_Pengumuman Bursa_31985997_lamp1.pdf,,
"04 Nov 2025
					16:46:17",https://www.idx.co.id/StaticData/NewsAndAnnouncement/ANNOUNCEMENTSTOCK/From_EREP/202511/46481d43ad_3bc01c19e1.pdf,Efek Bersifat Ekuitas Dalam Pemantauan Khusus [],,,,,
"04 Nov 2025
					16:47:02",https://www.idx.co.id/StaticData/NewsAndAnnouncement/ANNOUNCEMENTSTOCK/From_EREP/202511/117c83d28d_656f9e41c9.pdf,Pencabutan Efek Bersifat Ekuitas Dari Pemantauan Khusus [],,,,,
"05 Nov 2025
					16:17:47",https://www.idx.co.id/StaticData/NewsAndAnnouncement/ANNOUNCEMENTSTOCK/From_EREP/202511/8c827bac13_3a7218520e.pdf,Perubahan Efek Bersifat Ekuitas Dalam Pemantauan Khusus [],,,,,
"06 Nov 2025
					17:01:26",https://www.idx.co.id/StaticData/NewsAndAnnouncement/ANNOUNCEMENTSTOCK/From_EREP/202511/bc36c1fea6_393327ee42.pdf,Pencabutan Efek Bersifat Ekuitas Dari Pemantauan Khusus [],,,,,
"06 Nov 2025
					17:01:49",https://www.idx.co.id/StaticData/NewsAndAnnouncement/ANNOUNCEMENTSTOCK/From_EREP/202511/4e8a44e079_19b0fd6df1.pdf,Perubahan Efek Bersifat Ekuitas Dalam Pemantauan Khusus [],,,,,
"06 Nov 2025
					17:27:22",https://www.idx.co.id/StaticData/NewsAndAnnouncement/ANNOUNCEMENTSTOCK/From_EREP/202511/fa09047145_7997e3a644.pdf,Penyampaian Laporan Keuangan Tengah Tahunan per 30 Juni 2025 [],,https://www.idx.co.id/StaticData/NewsAndAnnouncement/ANNOUNCEMENTSTOCK/From_EREP/202511/7c8e9f2eba_1cb7d49517.pdf,20251106_Pengumuman Bursa_31982974_lamp1.pdf,,
"07 Nov 2025
					16:42:45",https://www.idx.co.id/StaticData/NewsAndAnnouncement/ANNOUNCEMENTSTOCK/From_EREP/202511/2e3d7f13cb_0c45ea8494.pdf,Pencabutan Efek Bersifat Ekuitas Dari Pemantauan Khusus [],,,,,
"07 Nov 2025
					16:43:22",https://www.idx.co.id/StaticData/NewsAndAnnouncement/ANNOUNCEMENTSTOCK/From_EREP/202511/2999cab516_1491fca3b9.pdf,Efek Bersifat Ekuitas Dalam Pemantauan Khusus [],,,,,
"10 Nov 2025
					12:00:02",https://www.idx.co.id/StaticData/NewsAndAnnouncement/ANNOUNCEMENTSTOCK/From_EREP/202511/238d3b9bf5_712abc128c.pdf,Pembukaan Penghentian Sementara Perdagangan Efek [],,https://www.idx.co.id/StaticData/NewsAndAnnouncement/ANNOUNCEMENTSTOCK/From_EREP/202511/9fe4ab0ccc_b61eb773cf.pdf,20251110_Suspensi dan Pembukaan Suspensi_31983972_lamp1.pdf,,
"10 Nov 2025
					15:58:29",https://www.idx.co.id/StaticData/NewsAndAnnouncement/ANNOUNCEMENTSTOCK/From_EREP/202511/9716f52218_febcb7b576.pdf,Pencabutan Efek Bersifat Ekuitas Dari Pemantauan Khusus [],,,,,
"10 Nov 2025
					15:59:21",https://www.idx.co.id/StaticData/NewsAndAnnouncement/ANNOUNCEMENTSTOCK/From_EREP/202511/f550683b93_d15c8a1ab8.pdf,Efek Bersifat Ekuitas Dalam Pemantauan Khusus [],,,,,
"12 Nov 2025
					11:01:35",https://www.idx.co.id/StaticData/NewsAndAnnouncement/ANNOUNCEMENTSTOCK/From_EREP/202511/d34ebf1945_f68c54e1a9.pdf,Pengumuman Sanksi Penyampaian Laporan Keuangan Interim Perusahaan Tercatat per 30 September 2025 [],,https://www.idx.co.id/StaticData/NewsAndAnnouncement/ANNOUNCEMENTSTOCK/From_EREP/202511/3d690c9d6d_0730c6b217.pdf,20251112_Pengumuman Bursa_31984725_lamp1.pdf,,
"12 Nov 2025
					16:30:22",https://www.idx.co.id/StaticData/NewsAndAnnouncement/ANNOUNCEMENTSTOCK/From_EREP/202511/54e5d549ff_039ab628cd.pdf,Efek Bersifat Ekuitas Dalam Pemantauan Khusus [],,,,,
"12 Nov 2025
					16:35:23",https://www.idx.co.id/StaticData/NewsAndAnnouncement/ANNOUNCEMENTSTOCK/From_EREP/202511/6db75ca1cc_ca0c55a9e8.pdf,Kode Efek Waran Terstruktur PT KGI Sekuritas Indonesia (HD) [],,https://www.idx.co.id/StaticData/NewsAndAnnouncement/ANNOUNCEMENTSTOCK/From_EREP/202511/08a6ea34ba_f255e24b34.pdf,20251112_Pengumuman Bursa_31984693_lamp1.pdf,,
"12 Nov 2025
					16:35:49",https://www.idx.co.id/StaticData/NewsAndAnnouncement/ANNOUNCEMENTSTOCK/From_EREP/202511/83221f212e_6b3711df26.pdf,Kode Efek Waran Terstruktur PT CGS International Sekuritas Indonesia (YU) [],,https://www.idx.co.id/StaticData/NewsAndAnnouncement/ANNOUNCEMENTSTOCK/From_EREP/202511/7a6c86e393_a6b8fc34bc.pdf,20251112_Pengumuman Bursa_31984674_lamp1.pdf,,
"12 Nov 2025
					16:36:34",https://www.idx.co.id/StaticData/NewsAndAnnouncement/ANNOUNCEMENTSTOCK/From_EREP/202511/fe2e2283fd_5eb8b5746e.pdf,Kode Efek Waran Terstruktur PT RHB Sekuritas Indonesia (DR) [],,https://www.idx.co.id/StaticData/NewsAndAnnouncement/ANNOUNCEMENTSTOCK/From_EREP/202511/523b342d2e_809a34649a.pdf,20251112_Pengumuman Bursa_31984684_lamp1.pdf,,
"12 Nov 2025
					21:20:54",https://www.idx.co.id/StaticData/NewsAndAnnouncement/ANNOUNCEMENTSTOCK/From_EREP/202511/b019717402_072d39e650.pdf,Kode Efek Waran Terstruktur PT RHB Sekuritas Indonesia (DR) [],,https://www.idx.co.id/StaticData/NewsAndAnnouncement/ANNOUNCEMENTSTOCK/From_EREP/202511/b5cff61474_c222b69593.pdf,20251112_Pengumuman Bursa_31984935_lamp1.pdf,,
"13 Nov 2025
					16:30:07",https://www.idx.co.id/StaticData/NewsAndAnnouncement/ANNOUNCEMENTSTOCK/From_EREP/202511/5c52fa771f_d8b45280ba.pdf,Pencabutan Efek Bersifat Ekuitas Dari Pemantauan Khusus [],,,,,
"13 Nov 2025
					16:32:26",https://www.idx.co.id/StaticData/NewsAndAnnouncement/ANNOUNCEMENTSTOCK/From_EREP/202511/20d9e6719d_fb8a3cd001.pdf,Efek Bersifat Ekuitas Dalam Pemantauan Khusus [],,,,,
"17 Nov 2025
					16:24:01",https://www.idx.co.id/StaticData/NewsAndAnnouncement/ANNOUNCEMENTSTOCK/From_EREP/202511/d994509a5f_9a3a173e5e.pdf,Perubahan Efek Bersifat Ekuitas Dalam Pemantauan Khusus [],,,,,
"18 Nov 2025
					16:42:51",https://www.idx.co.id/StaticData/NewsAndAnnouncement/ANNOUNCEMENTSTOCK/From_EREP/202511/734309b3a7_63ecbf1d53.pdf,Efek Bersifat Ekuitas Dalam Pemantauan Khusus [],,,,,
"18 Nov 2025
					16:43:34",https://www.idx.co.id/StaticData/NewsAndAnnouncement/ANNOUNCEMENTSTOCK/From_EREP/202511/06e78ecbea_f4a8219843.pdf,Pencabutan Efek Bersifat Ekuitas Dari Pemantauan Khusus [],,,,,
"19 Nov 2025
					16:25:41",https://www.idx.co.id/StaticData/NewsAndAnnouncement/ANNOUNCEMENTSTOCK/From_EREP/202511/c3841a26dd_817b94b335.pdf,Perubahan Efek Bersifat Ekuitas Dalam Pemantauan Khusus [],,,,,
"19 Nov 2025
					16:26:30",https://www.idx.co.id/StaticData/NewsAndAnnouncement/ANNOUNCEMENTSTOCK/From_EREP/202511/5055f4696d_56fbed0169.pdf,Pencabutan Efek Bersifat Ekuitas Dari Pemantauan Khusus [],,,,,
"20 Nov 2025
					16:36:57",https://www.idx.co.id/StaticData/NewsAndAnnouncement/ANNOUNCEMENTSTOCK/From_EREP/202511/0bef3d59c0_5e6df87f42.pdf,Efek Bersifat Ekuitas Dalam Pemantauan Khusus [],,,,,
"21 Nov 2025
					16:17:36",https://www.idx.co.id/StaticData/NewsAndAnnouncement/ANNOUNCEMENTSTOCK/From_EREP/202511/aed99dfef3_4112e5c53d.pdf,Pencabutan Efek Bersifat Ekuitas Dari Pemantauan Khusus [],,,,,
"21 Nov 2025
					17:48:09",https://www.idx.co.id/StaticData/NewsAndAnnouncement/ANNOUNCEMENTSTOCK/From_EREP/202511/3b2c408f69_cfb91f1770.pdf,Pindah Papan Pencatatan [],,https://www.idx.co.id/StaticData/NewsAndAnnouncement/ANNOUNCEMENTSTOCK/From_EREP/202511/1eb5bac4df_8455fc9cb9.pdf,20251121_Pindah Papan Pencatatan_31987003_lamp1.pdf,,
"24 Nov 2025
					15:49:13",https://www.idx.co.id/StaticData/NewsAndAnnouncement/ANNOUNCEMENTSTOCK/From_EREP/202511/75596fedd2_32646f943e.pdf,Pencabutan Efek Bersifat Ekuitas Dari Pemantauan Khusus [],,,,,
"24 Nov 2025
					15:50:33",https://www.idx.co.id/StaticData/NewsAndAnnouncement/ANNOUNCEMENTSTOCK/From_EREP/202511/2e7484710f_1ccce856cb.pdf,Perubahan Efek Bersifat Ekuitas Dalam Pemantauan Khusus [],,,,,
"25 Nov 2025
					16:22:06",https://www.idx.co.id/StaticData/NewsAndAnnouncement/ANNOUNCEMENTSTOCK/From_EREP/202511/2def72e6c0_8449c3ea47.pdf,Efek Bersifat Ekuitas Dalam Pemantauan Khusus [],,,,,
"26 Nov 2025
					16:10:49",https://www.idx.co.id/StaticData/NewsAndAnnouncement/ANNOUNCEMENTSTOCK/From_EREP/202511/00d3f93f1d_1247cad003.pdf,Pencabutan Efek Bersifat Ekuitas Dari Pemantauan Khusus [],,,,,
"27 Nov 2025
					17:15:55",https://www.idx.co.id/StaticData/NewsAndAnnouncement/ANNOUNCEMENTSTOCK/From_EREP/202511/b309d74d47_03dd15dd41.pdf,Perubahan Efek Bersifat Ekuitas Dalam Pemantauan Khusus [],,,,,
"27 Nov 2025
					17:16:41",https://www.idx.co.id/StaticData/NewsAndAnnouncement/ANNOUNCEMENTSTOCK/From_EREP/202511/8db2d84ab3_ae960d7f04.pdf,Efek Bersifat Ekuitas Dalam Pemantauan Khusus [],,,,,
"27 Nov 2025
					17:18:21",https://www.idx.co.id/StaticData/NewsAndAnnouncement/ANNOUNCEMENTSTOCK/From_EREP/202511/900114ccdd_bf9fcf7c5c.pdf,Pencabutan Efek Bersifat Ekuitas Dari Pemantauan Khusus [],,,,,
"28 Nov 2025
					05:39:45",https://www.idx.co.id/StaticData/NewsAndAnnouncement/ANNOUNCEMENTSTOCK/From_EREP/202511/b1c51fefdb_0bcb8f9b9e.pdf,Pindah Papan Pencatatan [],,https://www.idx.co.id/StaticData/NewsAndAnnouncement/ANNOUNCEMENTSTOCK/From_EREP/202511/bc97cb7781_2ecc522e94.pdf,20251127_Pindah Papan Pencatatan_31988255_lamp1.pdf,,
"28 Nov 2025
					16:18:59",https://www.idx.co.id/StaticData/NewsAndAnnouncement/ANNOUNCEMENTSTOCK/From_EREP/202511/1959f966c0_bef8aece70.pdf,Efek Bersifat Ekuitas Dalam Pemantauan Khusus [],,,,,
"28 Nov 2025
					16:19:38",https://www.idx.co.id/StaticData/NewsAndAnnouncement/ANNOUNCEMENTSTOCK/From_EREP/202511/6044060d62_0339606c55.pdf,Perubahan Efek Bersifat Ekuitas Dalam Pemantauan Khusus [],,,,,