Date,Adj Close,Close,High,Low,Open,Volume
2025-01-02,489.41143798828125,525.0,525.0,492.0,496.0,36661200
2025-01-03,489.41143798828125,525.0,535.0,520.0,530.0,15034500
2025-01-06,512.7167358398438,550.0,550.0,525.0,535.0,26429000
2025-01-07,489.41143798828125,525.0,555.0,520.0,550.0,19107400
2025-01-08,489.41143798828125,525.0,530.0,510.0,525.0,13040600
2025-01-09,484.7503662109375,520.0,545.0,510.0,520.0,18362900
2025-01-10,489.41143798828125,525.0,535.0,515.0,520.0,10956400
2025-01-13,466.1061096191406,500.0,525.0,500.0,525.0,23854600
2025-01-14,503.39459228515625,540.0,545.0,492.0,500.0,47796900
2025-01-15,526.6998901367188,565.0,630.0,550.0,555.0,235198900
2025-01-16,498.7335510253906,535.0,575.0,530.0,570.0,63571500
2025-01-17,503.39459228515625,540.0,550.0,530.0,535.0,27796900
2025-01-20,512.7167358398438,550.0,580.0,530.0,545.0,53083000
2025-01-21,522.0388793945312,560.0,575.0,550.0,560.0,36348500
2025-01-22,517.3778076171875,555.0,570.0,555.0,560.0,17144400
2025-01-23,517.3778076171875,555.0,575.0,555.0,560.0,18365100
2025-01-24,503.39459228515625,540.0,555.0,540.0,555.0,12708900
2025-01-30,536.0220336914062,575.0,580.0,535.0,535.0,28975900
2025-01-31,526.6998901367188,565.0,580.0,560.0,575.0,28786600
2025-02-03,498.7335510253906,535.0,565.0,525.0,565.0,34860500
2025-02-04,512.7167358398438,550.0,565.0,540.0,540.0,23003000
2025-02-05,531.3609619140625,570.0,575.0,545.0,555.0,27918500
2025-02-06,536.0220336914062,575.0,595.0,550.0,575.0,30568500
2025-02-07,550.0051879882812,590.0,595.0,555.0,575.0,47680200
2025-02-10,536.0220336914062,575.0,610.0,575.0,590.0,57891000
2025-02-11,540.68310546875,580.0,595.0,560.0,575.0,50135000
2025-02-12,559.3273315429688,600.0,610.0,575.0,580.0,66693400
2025-02-13,573.3104858398438,615.0,625.0,590.0,610.0,55865600
2025-02-14,577.9714965820312,620.0,635.0,610.0,620.0,42882900
2025-02-17,568.6494140625,610.0,635.0,610.0,620.0,37144700
2025-02-18,582.632568359375,625.0,625.0,595.0,610.0,30507200
2025-02-19,587.293701171875,630.0,650.0,620.0,625.0,49315300
2025-02-20,596.6157836914062,640.0,645.0,625.0,630.0,16170700
2025-02-21,596.6157836914062,640.0,645.0,615.0,645.0,20403200
2025-02-24,596.6157836914062,640.0,650.0,620.0,640.0,18842100
2025-02-25,517.3778076171875,555.0,665.0,555.0,640.0,112812800
2025-02-26,517.3778076171875,555.0,570.0,510.0,555.0,140603700
2025-02-27,526.6998901367188,565.0,565.0,525.0,555.0,40748300
2025-02-28,508.0556640625,545.0,565.0,525.0,545.0,54229800
2025-03-03,522.0388793945312,560.0,565.0,540.0,550.0,46802200
2025-03-04,503.39459228515625,540.0,560.0,530.0,560.0,20301300
2025-03-05,512.7167358398438,550.0,550.0,530.0,540.0,21294300
2025-03-06,536.0220336914062,575.0,585.0,550.0,555.0,33028300
2025-03-07,503.39459228515625,540.0,580.0,540.0,575.0,53686800
2025-03-10,512.7167358398438,550.0,550.0,535.0,545.0,16480000
2025-03-11,503.39459228515625,540.0,545.0,525.0,530.0,17046700
2025-03-12,494.0724792480469,530.0,545.0,530.0,540.0,9665000
2025-03-13,484.7503662109375,520.0,540.0,520.0,535.0,16921500
2025-03-14,475.42822265625,510.0,525.0,492.0,520.0,47453300
2025-03-17,484.7503662109375,520.0,525.0,500.0,515.0,23316800
2025-03-18,458.6484375,492.0,520.0,460.0,520.0,59651300
2025-03-19,489.41143798828125,525.0,540.0,488.0,494.0,68180900
2025-03-20,498.7335510253906,535.0,550.0,520.0,525.0,46311200
2025-03-21,498.7335510253906,535.0,555.0,515.0,535.0,94975300
2025-03-24,480.08929443359375,515.0,550.0,496.0,550.0,21445700
2025-03-25,464.24169921875,498.0,525.0,498.0,515.0,14829400
2025-03-26,494.0724792480469,530.0,545.0,515.0,535.0,21972300
2025-03-27,508.0556640625,545.0,550.0,510.0,530.0,26602300
2025-04-08,449.3262939453125,482.0,494.0,472.0,484.0,56130400
2025-04-09,447.46185302734375,480.0,492.0,470.0,470.0,35840200
2025-04-10,484.7503662109375,520.0,520.0,490.0,498.0,63970000
2025-04-11,475.42822265625,510.0,520.0,498.0,515.0,13497100
2025-04-14,480.08929443359375,515.0,525.0,510.0,510.0,10869500
2025-04-15,470.7671813964844,505.0,530.0,500.0,520.0,15332100
2025-04-16,462.37725830078125,496.0,510.0,496.0,505.0,11750000
2025-04-17,480.08929443359375,515.0,515.0,498.0,500.0,18308900
2025-04-21,475.42822265625,510.0,515.0,505.0,515.0,7715900
2025-04-22,470.7671813964844,505.0,520.0,500.0,510.0,15703500
2025-04-23,470.7671813964844,505.0,515.0,505.0,515.0,22958000
2025-04-24,470.7671813964844,505.0,515.0,500.0,510.0,13151700
2025-04-25,498.7335510253906,535.0,545.0,500.0,505.0,36598200
2025-04-28,503.39459228515625,540.0,560.0,540.0,545.0,26587200
2025-04-29,498.7335510253906,535.0,555.0,530.0,550.0,22435900
2025-04-30,498.7335510253906,535.0,550.0,535.0,535.0,16400400
2025-05-02,540.68310546875,580.0,595.0,560.0,560.0,87096100
2025-05-05,554.666259765625,595.0,620.0,580.0,600.0,56129400
2025-05-06,554.666259765625,595.0,600.0,585.0,595.0,20704600
2025-05-07,554.666259765625,595.0,615.0,585.0,605.0,73451400
2025-05-08,567.4966430664062,575.0,600.0,565.0,570.0,70183300
2025-05-09,577.3660888671875,585.0,595.0,570.0,590.0,26446800
2025-05-14,572.431396484375,580.0,600.0,575.0,595.0,39376900
2025-05-15,567.4966430664062,575.0,595.0,565.0,585.0,57199500
2025-05-16,557.6271362304688,565.0,585.0,560.0,585.0,31005900
2025-05-19,562.5618896484375,570.0,585.0,565.0,565.0,24772200
2025-05-20,542.8228759765625,550.0,580.0,545.0,570.0,80350000
2025-05-21,532.953369140625,540.0,560.0,535.0,550.0,51508800
2025-05-22,528.0186157226562,535.0,550.0,535.0,540.0,55630300
2025-05-23,537.8881225585938,545.0,560.0,545.0,550.0,25718500
2025-05-26,542.8228759765625,550.0,560.0,540.0,550.0,34030600
2025-05-27,542.8228759765625,550.0,555.0,540.0,555.0,19380400
2025-05-28,562.5618896484375,570.0,570.0,540.0,550.0,54023400
2025-06-02,562.5618896484375,570.0,585.0,560.0,575.0,66592800
2025-06-03,552.6923828125,560.0,575.0,555.0,570.0,18990300
2025-06-04,567.4966430664062,575.0,575.0,555.0,570.0,31670400
2025-06-05,557.6271362304688,565.0,580.0,560.0,575.0,16427500
2025-06-10,572.431396484375,580.0,590.0,565.0,565.0,68933400
2025-06-11,562.5618896484375,570.0,585.0,565.0,585.0,24555800
2025-06-12,562.5618896484375,570.0,580.0,560.0,575.0,24392100
2025-06-13,542.8228759765625,550.0,570.0,550.0,570.0,28468600
2025-06-16,532.953369140625,540.0,555.0,540.0,550.0,26048100
2025-06-17,547.7576293945312,555.0,555.0,535.0,545.0,19520300
2025-06-18,532.953369140625,540.0,565.0,540.0,555.0,17505300
2025-06-19,513.21435546875,520.0,550.0,520.0,545.0,30903400
2025-06-20,503.3448181152344,510.0,530.0,510.0,520.0,203270000
2025-06-23,479.65802001953125,486.0,505.0,482.0,500.0,53807000
2025-06-24,479.65802001953125,486.0,498.0,486.0,492.0,34739300
2025-06-25,465.8406982421875,472.0,492.0,464.0,490.0,49492100
2025-06-26,467.8146057128906,474.0,482.0,468.0,472.0,26786000
2025-06-30,477.6841125488281,484.0,494.0,474.0,474.0,28466900
2025-07-01,475.710205078125,482.0,488.0,478.0,480.0,12757300
2025-07-02,471.76239013671875,478.0,484.0,470.0,482.0,23096500
2025-07-03,471.76239013671875,478.0,480.0,472.0,478.0,20333900
2025-07-04,465.8406982421875,472.0,478.0,470.0,478.0,15287000
2025-07-07,469.7884826660156,476.0,478.0,472.0,472.0,9444600
2025-07-08,471.76239013671875,478.0,480.0,474.0,474.0,10508900
2025-07-09,475.710205078125,482.0,484.0,472.0,478.0,24354700
2025-07-10,481.6319274902344,488.0,498.0,480.0,486.0,38990700
2025-07-11,483.6058349609375,490.0,496.0,486.0,490.0,27992100
2025-07-14,483.6058349609375,490.0,505.0,486.0,496.0,31131800
2025-07-15,485.5797119140625,492.0,494.0,482.0,490.0,23935600
2025-07-16,513.21435546875,520.0,520.0,494.0,494.0,47940700
2025-07-17,537.8881225585938,545.0,545.0,515.0,520.0,65384200
2025-07-18,572.431396484375,580.0,590.0,545.0,550.0,162878000
2025-07-21,606.974609375,615.0,635.0,575.0,580.0,183740100
2025-07-22,597.1051025390625,605.0,635.0,605.0,625.0,109402300
2025-07-23,602.0398559570312,610.0,620.0,585.0,620.0,41119800
2025-07-24,582.3008422851562,590.0,620.0,585.0,610.0,35697200
2025-07-25,602.0398559570312,610.0,620.0,580.0,595.0,75035600
2025-07-28,611.9093627929688,620.0,630.0,610.0,620.0,71474500
2025-07-29,602.0398559570312,610.0,615.0,600.0,615.0,42345800
2025-07-30,626.7136840820312,635.0,655.0,600.0,620.0,150772700
2025-07-31,616.8441162109375,625.0,640.0,625.0,640.0,70853200
2025-08-01,656.3222045898438,665.0,665.0,625.0,630.0,168985300
2025-08-04,750.08251953125,760.0,780.0,655.0,685.0,333503500
2025-08-05,784.625732421875,795.0,820.0,765.0,770.0,251799400
2025-08-06,769.821533203125,780.0,795.0,770.0,780.0,69292700
2025-08-07,794.4952392578125,805.0,835.0,780.0,780.0,132726400
2025-08-08,868.5166015625,880.0,880.0,780.0,810.0,117986300
2025-08-11,947.4725952148438,960.0,990.0,870.0,890.0,300786300
2025-08-12,937.6030883789062,950.0,1020.0,930.0,960.0,253907500
2025-08-13,962.2769165039062,975.0,995.0,945.0,955.0,132224200
2025-08-14,1001.7548828125,1015.0,1050.0,980.0,980.0,148293500
2025-08-15,942.537841796875,955.0,1030.0,955.0,1020.0,111979700
2025-08-19,1065.90673828125,1080.0,1095.0,925.0,955.0,281353500
2025-08-20,1070.8414306640625,1085.0,1090.0,1020.0,1085.0,142933500
2025-08-21,1036.2982177734375,1050.0,1125.0,1035.0,1100.0,130041300
2025-08-22,1154.732177734375,1170.0,1195.0,1060.0,1070.0,199003300
2025-08-25,1361.9918212890625,1380.0,1435.0,1180.0,1180.0,377309600
2025-08-26,1342.2529296875,1360.0,1430.0,1310.0,1390.0,180799400
2025-08-27,1273.1663818359375,1290.0,1370.0,1255.0,1370.0,241203400
2025-08-28,1283.035888671875,1300.0,1310.0,1250.0,1305.0,110932700
2025-08-29,1199.14501953125,1215.0,1270.0,1185.0,1265.0,211317800
2025-09-01,1233.688232421875,1250.0,1250.0,1130.0,1165.0,149591000
2025-09-02,1297.840087890625,1315.0,1330.0,1270.0,1270.0,175574400
2025-09-03,1322.513916015625,1340.0,1380.0,1310.0,1330.0,124195700
2025-09-04,1287.9705810546875,1305.0,1355.0,1295.0,1345.0,101163600
2025-09-08,1228.7535400390625,1245.0,1315.0,1230.0,1310.0,80582400
2025-09-09,1223.8187255859375,1240.0,1285.0,1215.0,1230.0,68163500
2025-09-10,1213.94921875,1230.0,1265.0,1185.0,1260.0,91576800
2025-09-11,1204.0797119140625,1220.0,1265.0,1200.0,1245.0,67840100
2025-09-12,1209.0145263671875,1225.0,1260.0,1205.0,1225.0,36666400
2025-09-15,1253.4273681640625,1270.0,1290.0,1235.0,1250.0,91933500
2025-09-16,1134.9932861328125,1150.0,1280.0,1150.0,1280.0,153001600
2025-09-17,1110.3194580078125,1125.0,1180.0,1065.0,1150.0,196855600
2025-09-18,1228.7535400390625,1245.0,1250.0,1130.0,1140.0,182644000
2025-09-19,1209.0145263671875,1225.0,1265.0,1215.0,1245.0,147564000
2025-09-22,1218.884033203125,1235.0,1270.0,1205.0,1235.0,94589200
2025-09-23,1209.0145263671875,1225.0,1250.0,1210.0,1235.0,58479100
2025-09-24,1189.2755126953125,1205.0,1230.0,1180.0,1225.0,71663300
2025-09-25,1209.0145263671875,1225.0,1305.0,1215.0,1220.0,130615700
2025-09-26,1297.840087890625,1315.0,1345.0,1240.0,1260.0,197126800
2025-09-29,1278.10107421875,1295.0,1465.0,1285.0,1365.0,324621700
2025-09-30,1238.623046875,1255.0,1310.0,1255.0,1300.0,72325300
2025-10-01,1544.5777587890625,1565.0,1565.0,1235.0,1255.0,471810400
2025-10-02,1519.904052734375,1540.0,1700.0,1490.0,1650.0,609757800
2025-10-03,1480.426025390625,1500.0,1565.0,1490.0,1560.0,231517000
2025-10-06,1485.3607177734375,1505.0,1560.0,1470.0,1500.0,214102400
2025-10-07,1465.6217041015625,1485.0,1535.0,1475.0,1505.0,220248000
2025-10-08,1406.4046630859375,1425.0,1515.0,1355.0,1485.0,456159700
2025-10-09,1426.1436767578125,1445.0,1510.0,1405.0,1445.0,240880300
2025-10-10,1406.4046630859375,1425.0,1520.0,1420.0,1480.0,225713500
2025-10-13,1366.9266357421875,1385.0,1450.0,1375.0,1400.0,133501500
2025-10-14,1292.9053955078125,1310.0,1370.0,1230.0,1365.0,260191700
2025-10-15,1352.1224365234375,1370.0,1370.0,1275.0,1325.0,140818800
2025-10-16,1366.9266357421875,1385.0,1465.0,1385.0,1420.0,199695500
2025-10-17,1228.7535400390625,1245.0,1405.0,1240.0,1400.0,155960200
2025-10-20,1322.513916015625,1340.0,1355.0,1225.0,1255.0,94952600
2025-10-21,1283.035888671875,1300.0,1370.0,1290.0,1370.0,79497100
2025-10-22,1228.7535400390625,1245.0,1320.0,1240.0,1320.0,103728600
2025-10-23,1189.2755126953125,1205.0,1285.0,1180.0,1245.0,112948500
2025-10-24,1085.645751953125,1100.0,1215.0,1100.0,1200.0,232872200
2025-10-27,1056.0372314453125,1070.0,1120.0,1000.0,1110.0,233853900
2025-10-28,1164.6016845703125,1180.0,1200.0,1080.0,1120.0,297310400
2025-10-29,1134.9932861328125,1150.0,1190.0,1115.0,1180.0,96268500
2025-10-30,1169.5364990234375,1185.0,1190.0,1130.0,1155.0,106502600
2025-10-31,1169.5364990234375,1185.0,1200.0,1155.0,1185.0,91458900
2025-11-03,1189.2755126953125,1205.0,1265.0,1190.0,1230.0,185586200
2025-11-04,1149.7974853515625,1165.0,1200.0,1160.0,1200.0,81420300
2025-11-05,1199.14501953125,1215.0,1215.0,1135.0,1150.0,89036900
2025-11-06,1159.6669921875,1175.0,1200.0,1170.0,1200.0,50170800
2025-11-07,1258.362060546875,1275.0,1285.0,1190.0,1200.0,321201700
2025-11-10,1278.10107421875,1295.0,1305.0,1265.0,1290.0,188788300
2025-11-11,1253.4273681640625,1270.0,1305.0,1265.0,1305.0,91967700
2025-11-12,1268.2315673828125,1285.0,1300.0,1270.0,1275.0,62092800
2025-11-13,1243.557861328125,1260.0,1300.0,1235.0,1290.0,88015200
2025-11-14,1213.94921875,1230.0,1260.0,1190.0,1260.0,122691700
2025-11-17,1194.210205078125,1210.0,1245.0,1205.0,1230.0,58884000
2025-11-18,1174.47119140625,1190.0,1240.0,1190.0,1210.0,75202400
2025-11-19,1164.6016845703125,1180.0,1200.0,1170.0,1195.0,54472700
2025-11-20,1149.7344970703125,1160.0,1195.0,1155.0,1185.0,46891200
2025-11-21,1248.849609375,1260.0,1270.0,1160.0,1165.0,183978500
2025-11-24,1283.539794921875,1295.0,1295.0,1240.0,1275.0,178782900
2025-11-25,1243.893798828125,1255.0,1370.0,1245.0,1335.0,421288200
2025-11-26,1258.7611083984375,1270.0,1275.0,1235.0,1255.0,124025900
2025-11-27,1253.8052978515625,1265.0,1325.0,1250.0,1285.0,202247900
2025-11-28,1214.1593017578125,1225.0,1275.0,1225.0,1265.0,95412900
2025-12-01,1199.2919921875,1210.0,1230.0,1200.0,1215.0,59266700
2025-12-02,1283.539794921875,1295.0,1305.0,1220.0,1230.0,231518100
2025-12-03,1278.5841064453125,1290.0,1330.0,1280.0,1305.0,165720000
2025-12-04,1278.5841064453125,1290.0,1315.0,1285.0,1305.0,57700400
2025-12-05,1333.0972900390625,1345.0,1360.0,1290.0,1290.0,233707200
2025-12-08,1303.36279296875,1315.0,1370.0,1305.0,1370.0,137432400
2025-12-09,1323.185791015625,1335.0,1340.0,1300.0,1315.0,103931200
2025-12-10,1407.43359375,1420.0,1435.0,1315.0,1340.0,448331500
2025-12-11,1362.8319091796875,1375.0,1480.0,1350.0,1445.0,405084300
2025-12-12,1343.0087890625,1355.0,1405.0,1325.0,1400.0,154530400
2025-12-15,1338.0531005859375,1350.0,1380.0,1320.0,1370.0,83136500
2025-12-16,1456.9910888671875,1470.0,1470.0,1360.0,1370.0,361183100
2025-12-17,1323.185791015625,1335.0,1500.0,1335.0,1480.0,394233200
2025-12-18,1224.07080078125,1235.0,1380.0,1225.0,1350.0,219938100
2025-12-19,1214.1593017578125,1225.0,1255.0,1200.0,1240.0,135570000
2025-12-22,1129.9114990234375,1140.0,1230.0,1140.0,1225.0,168830400
2025-12-23,1100.177001953125,1110.0,1160.0,1110.0,1140.0,104937800
2025-12-24,1075.398193359375,1085.0,1135.0,1080.0,1115.0,84930000
2025-12-29,1105.1326904296875,1115.0,1130.0,1090.0,1095.0,50097000
2025-12-30,1075.398193359375,1085.0,1120.0,1085.0,1115.0,61981200
