Date,Company,Title,News
1/6/2025,BBCA,Laporan Bulanan Registrasi Pemegang Efek [],Laporan Bulanan Registrasi Pemegang Efek BBCA menunjukkan kenaikan pemegang saham sebanyak 11.719 pemegang
1/23/2025,BBCA,Penyampaian Laporan Keuangan Tahunan [],"Laporan keuangan BBCA yang diaudit menunjukkan kinerja keuangan solid dengan perolehan laba bersih mencapai Rp54,85 triliun. Sepanjang tahun tersebut, pendapatan bunga perseroan tercatat sebesar Rp94,80 triliun. Selain itu, total aset BCA tumbuh dan mencapai Rp1.449,30 triliun pada akhir tahun tersebut."
1/23/2025,BBCA,Laporan Informasi atau Fakta Material Penyampaian Press Release terkait Informasi Ringkasan Kinerja Keuangan Tahun Lalu (audited) PT Bank Central Asia Tbk [],"BBCA Menyampaikan sebuah Press Release terkait kinerja dan pertumbuhan kredit sebesar 13,8% menjadi Rp922 triliun"
1/24/2025,BBCA,Pemberitahuan Rencana Rapat Umum Pemegang Saham Tahunan [],BBCA menyampaikan rencana RUPS (Rapat Umum Pemegang Saham) yang dilaksanakan secara fisik dan daring dua bulan mendatang
1/24/2025,BBCA,Penyampaian Bukti Iklan Pemberitahuan RUPS [],"BBCA menyampaikan bukti iklan pemberitahuan RUPS (Rapat Umum Pemegang Saham) pada media situs web perseroan, situs web PT Bursa Efek Indonesia dan situs web PT Kustodian Sentral Efek Indonesia"
1/24/2025,BBCA,Penyampaian Bukti Iklan Informasi Laporan Keuangan Tahunan [],BBCA menyampaikan bukti iklan informasi laporan keuangan tahunan pada media situs web perseroan dan situs web PT Bursa Efek Indonesia
2/6/2025,BBCA,Laporan Bulanan Registrasi Pemegang Efek [],"Laporan Bulanan Registrasi Pemegang Efek BBCA menunjukkan kenaikan jumlah pemegang saham sebanyak 25.223 pemegang (dari 377.292 menjadi 402.515) dengan free float 42,83%."
2/10/2025,BBCA,Penjelasan atas Pemberitaan Media Massa [],"BBCA menyampaikan penjelasan atas permintaan Bursa Efek Indonesia terkait pemberitaan media massa, dengan klarifikasi dan informasi material."
2/12/2025,BBCA,Pemanggilan Rapat Umum Pemegang Saham Tahunan [],"BCA memanggil RUPS Tahunan untuk tahun buku, tujuh agenda termasuk persetujuan laporan tahunan, penggunaan laba bersih, perubahan susunan Direksi/Komisaris, serta perubahan Recovery Plan."
2/12/2025,BBCA,Pemanggilan Rapat Umum Pemegang Saham Tahunan [],"BCA memanggil RUPS Tahunan untuk tahun buku, tujuh agenda termasuk persetujuan laporan tahunan, penggunaan laba bersih, perubahan susunan Direksi/Komisaris, serta perubahan Recovery Plan."
2/12/2025,BBCA,Pemanggilan Rapat Umum Pemegang Saham Tahunan [],"BCA memanggil RUPS Tahunan untuk tahun buku, tujuh agenda termasuk persetujuan laporan tahunan, penggunaan laba bersih, perubahan susunan Direksi/Komisaris, serta perubahan Recovery Plan."
2/12/2025,BBCA,Penyampaian Laporan Tahunan & Keberlanjutan dan ESG [],"BCA menyampaikan Laporan Tahunan & Keberlanjutan/ESG periode dengan total emisi GRK Scope 1, 2, dan 3 sebesar 349.740,8 tCO2e serta target Net Zero Emission."
2/13/2025,BBCA,Penyampaian Bukti Iklan Panggilan RUPS [],"BCA menyampaikan bukti iklan panggilan RUPS Tahunan di situs web KSEI, BEI, dan media cetak."
2/25/2025,BBCA,Laporan Kepemilikan atau Setiap Perubahan Kepemilikan Saham Perusahaan Terbuka [],"BBCA melaporkan perubahan kepemilikan saham sejumlah 337.000 saham (0,0003%) dibeli dengan harga Rp8.900 per saham untuk investasi."
2/25/2025,BBCA,Laporan Kepemilikan atau Setiap Perubahan Kepemilikan Saham Perusahaan Terbuka [],"BBCA melaporkan perubahan kepemilikan saham sejumlah 20.000 saham (0,000016%) dibeli dengan harga Rp8.900 per saham untuk investasi."
2/26/2025,BBCA,Laporan Kepemilikan atau Setiap Perubahan Kepemilikan Saham Perusahaan Terbuka [],"BBCA melaporkan perubahan kepemilikan saham sejumlah 45.000 saham (0,000036%) dibeli dengan harga Rp8.875 per saham untuk investasi."
3/5/2025,BBCA,Laporan Hasil Pemeringkatan Pemeringkatan Tahunan [],BBCA memaparkan hasil pemeringkatan pemeringkatan tahunan di tahun ini yang dinilai stabil
3/5/2025,BBCA,Laporan Bulanan Registrasi Pemegang Efek [],Laporan Bulanan Registrasi Pemegang Efek BBCA menunjukkan penurunan minor jumlah saham free float dan kenaikan jumlah pemegang saham sebanyak 29.633 pemegang
3/14/2025,BBCA,Ringkasan Risalah Rapat Umum Para Pemegang Saham Tahunan [],"BBCA memberikan ringkasan risalah RUPS Tahunan yang mencakup persetujuan laporan tahunan, laporan keuangan tahunan, persetujuan penggunaan laba bersih, perubahan susunan anggota dewan komisaris dan direksi perseroan, penetapan gaji atau honorarium anggota dewan komisaris dan direksi perseroan, penunjukan kantor akuntan publik, pemberian kuasa dan wewenang kepada direksi untuk membayar dividen interim / sementara dan persetujuan atas perubahan recovery plan perseroan"
3/14/2025,BBCA,Keterbukaan Informasi terkait Aksi Korporasi - Dividen Tunai [],BBCA memberitahukan informasi mengenai pembayaran dividen tahun sebelumnya dengan nominal Rp 250 per saham
3/17/2025,BBCA,Penyampaian Bukti Iklan Hasil RUPS [],"BBCA menyampaikan bukti iklan hasil RUPS yang dilakukan melalui media situs web KSEI, situs web Bursa Efek Indonesia dan situs web perseroan"
3/19/2025,BBCA,Laporan Kepemilikan atau Setiap Perubahan Kepemilikan Saham Perusahaan Terbuka [],BBCA melaporkan perubahan kepemilikan saham oleh direksi yang membeli sejumlah 400.777 saham untuk investasi jangka panjang
3/19/2025,BBCA,Laporan Kepemilikan atau Setiap Perubahan Kepemilikan Saham Perusahaan Terbuka [],BBCA melaporkan perubahan kepemilikan saham oleh direksi yang membeli sejumlah 318.416 saham untuk investasi jangka panjang
3/19/2025,BBCA,Laporan Kepemilikan atau Setiap Perubahan Kepemilikan Saham Perusahaan Terbuka [],BBCA melaporkan perubahan kepemilikan saham oleh direksi yang membeli sejumlah 100.000 saham untuk investasi
3/19/2025,BBCA,Laporan Kepemilikan atau Setiap Perubahan Kepemilikan Saham Perusahaan Terbuka [],BBCA melaporkan perubahan kepemilikan saham oleh direksi yang membeli sejumlah 118.500 saham untuk investasi jangka panjang
3/19/2025,BBCA,Laporan Kepemilikan atau Setiap Perubahan Kepemilikan Saham Perusahaan Terbuka [],BBCA melaporkan perubahan kepemilikan saham oleh direksi yang membeli sejumlah 358.162 saham untuk investasi jangka panjang
3/19/2025,BBCA,Laporan Kepemilikan atau Setiap Perubahan Kepemilikan Saham Perusahaan Terbuka [],BBCA melaporkan perubahan kepemilikan saham oleh direksi yang membeli sejumlah 281.279 saham untuk investasi jangka panjang
3/19/2025,BBCA,Laporan Kepemilikan atau Setiap Perubahan Kepemilikan Saham Perusahaan Terbuka [],BBCA melaporkan perubahan kepemilikan saham oleh direksi yang membeli sejumlah 1.031.359 saham untuk investasi jangka panjang
3/19/2025,BBCA,Laporan Kepemilikan atau Setiap Perubahan Kepemilikan Saham Perusahaan Terbuka [],BBCA melaporkan perubahan kepemilikan saham oleh direksi yang membeli sejumlah 232.377 saham untuk investasi jangka panjang
3/20/2025,BBCA,Laporan Kepemilikan atau Setiap Perubahan Kepemilikan Saham Perusahaan Terbuka [],BBCA melaporkan perubahan kepemilikan saham oleh direksi yang membeli sejumlah 458.872 saham untuk investasi jangka panjang
3/20/2025,BBCA,Laporan Kepemilikan atau Setiap Perubahan Kepemilikan Saham Perusahaan Terbuka [],BBCA melaporkan perubahan kepemilikan saham oleh direksi yang membeli sejumlah 523.584 saham untuk investasi jangka panjang
3/20/2025,BBCA,Laporan Kepemilikan atau Setiap Perubahan Kepemilikan Saham Perusahaan Terbuka [],BBCA melaporkan perubahan kepemilikan saham oleh direksi yang membeli sejumlah 273.558 saham untuk investasi jangka panjang
3/20/2025,BBCA,Laporan Kepemilikan atau Setiap Perubahan Kepemilikan Saham Perusahaan Terbuka [],BBCA melaporkan perubahan kepemilikan saham oleh direksi yang membeli sejumlah 553.735 saham untuk investasi jangka panjang
3/20/2025,BBCA,Laporan Kepemilikan atau Setiap Perubahan Kepemilikan Saham Perusahaan Terbuka [],BBCA melaporkan perubahan kepemilikan saham oleh direksi yang membeli sejumlah 336.432 saham untuk investasi jangka panjang
3/20/2025,BBCA,Laporan Kepemilikan atau Setiap Perubahan Kepemilikan Saham Perusahaan Terbuka [],BBCA melaporkan perubahan kepemilikan saham oleh direksi yang membeli sejumlah 178.327 saham untuk investasi jangka panjang
3/20/2025,BBCA,Laporan Kepemilikan atau Setiap Perubahan Kepemilikan Saham Perusahaan Terbuka [],BBCA melaporkan perubahan kepemilikan saham oleh direksi yang membeli sejumlah 291.942 saham untuk investasi jangka panjang
3/20/2025,BBCA,Laporan Kepemilikan atau Setiap Perubahan Kepemilikan Saham Perusahaan Terbuka [],BBCA melaporkan perubahan kepemilikan saham oleh direksi yang membeli sejumlah 586.000 saham untuk investasi
3/20/2025,BBCA,Laporan Kepemilikan atau Setiap Perubahan Kepemilikan Saham Perusahaan Terbuka [],BBCA melaporkan perubahan kepemilikan saham oleh direksi yang membeli sejumlah 389.300 saham untuk investasi
3/20/2025,BBCA,Laporan Kepemilikan atau Setiap Perubahan Kepemilikan Saham Perusahaan Terbuka [],BBCA melaporkan perubahan kepemilikan saham oleh direksi yang membeli sejumlah 30.000 saham untuk investasi
3/25/2025,BBCA,Rencana Pembelian Kembali Saham dalam Kondisi Pasar yang Berfluktuasi secara Signifikan [],BBCA membagikan rencana pembelian kembali saham dalam kondisi pasar yang fluktuatif dengan nilai maksimal Rp 1 Triliun
4/8/2025,BBCA,Laporan Bulanan Registrasi Pemegang Efek [],Laporan Bulanan Registrasi Pemegang Efek BBCA menunjukkan kenaikan kepemilikan saham oleh beberapa anggota direksi dan komisaris sekitar 6.000.000 saham dan kenaikan jumlah pemegang saham sebanyak 39.335 pemegang
4/23/2025,BBCA,Penyampaian Laporan Keuangan Interim Yang Tidak Diaudit [],"Laporan keuangan BBCA menunjukkan pendapatan sebesar Rp24.366.718 juta, laba periode berjalan sebesar Rp14.146.990 juta, dan jumlah aset sebesar Rp1.533.763.445 juta"
4/23/2025,BBCA,"Penyampaian Press Release terkait Informasi Ringkasan Kinerja Keuangan Kuartal I (unaudited) PT Bank Central Asia Tbk (""Perseroan"") []",BBCA menyampaikan press release terkait informasi ringkasan kinerja kuartal I tahun ini
4/24/2025,BBCA,Penyampaian Bukti Iklan Informasi Laporan Keuangan Interim [],BBCA menyampaikan bukti iklan informasi laporan keuangan melalui media situs web perseroan dan IDX
5/5/2025,BBCA,Laporan Bulanan Registrasi Pemegang Efek [],"BBCA melaporkan registrasi pemegang efek bulanan dengan total saham tercatat 123.275.050.000 lembar, pengendali 54,987%, free float 52.257.900.433 lembar (42,82%), dan jumlah pemegang saham 481.251."
5/15/2025,BBCA,Rencana percepatan pengakhiran periode pembelian kembali saham Perseroan dan informasi terkait tanggal terakhir dari periode pembelian kembali saham Perseroan [],"BBCA berencana mempercepat akhir periode pembelian kembali saham menjadi sesi pertama perdagangan di bursa pada periode terkait, karena kondisi pasar dan harga saham relatif stabil."
5/28/2025,BBCA,Penggantian Sekretaris Perusahaan [],"BBCA mengumumkan penggantian Sekretaris Perusahaan efektif pada periode terkait, dengan pejabat baru menggantikan pejabat lama."
5/28/2025,BBCA,Perubahan Corporate Secretary [],"BBCA menyampaikan perubahan Sekretaris Perusahaan efektif pada periode terkait, mencakup nama, alamat, telepon, faksimili, dan email pejabat baru dan lama."
6/2/2025,BBCA,Perubahan Pengurus [],"BBCA mengumumkan perubahan susunan pengurus, mencakup pergantian beberapa direktur dan komisaris, dengan tanggal pengangkatan yang berbeda."
6/3/2025,BBCA,Laporan Bulanan Registrasi Pemegang Efek [],"BBCA melaporkan registrasi pemegang efek bulanan dengan total saham 123.275.050.000 lembar, free float 52.238.838.733 lembar (42,8%), dan jumlah pemegang saham turun 22.290 menjadi 458.961."
6/4/2025,BBCA,Penyampaian Kesiapan Dana Pelunasan Obligasi Subordinasi Berkelanjutan I PT Bank Central Asia Tbk Tahap I Seri A [],BBCA menyampaikan kesiapan dana pelunasan obligasi subordinasi berkelanjutan tahap tertentu.
6/5/2025,BBCA,Informasi Pelunasan Efek [],"BBCA mengumumkan pelunasan pokok obligasi subordinasi berkelanjutan dengan nilai Rp435.000.000.000 dan bunga 7,75%."
6/30/2025,BBCA,Transaksi Afiliasi [],"BBCA melaporkan transaksi afiliasi berupa pengadaan 82 unit hardware TI senilai Rp38.932.934.760, dengan pihak terafiliasi sebagai lawan transaksi."
7/3/2025,BBCA,Laporan Bulanan Registrasi Pemegang Efek [],"Laporan Bulanan Registrasi Pemegang Efek BBCA menunjukkan penurunan kepemilikan saham seorang komisaris sebesar 0,087%, kenaikan jumlah saham free float sebesar 0,09% dan kenaikan jumlah pemegang saham sebanyak 22.761 pemegang"
7/4/2025,BBCA,Jatuh Tempo Obligasi / Sukuk Korporasi [],Bursa menyampaikan jatuh tempo Obligasi Subordinasi Berkelanjutan I milik BBCA
7/28/2025,BBCA,Penyampaian Materi pada Acara Medan Investor Meeting & Connectivity [],"BBCA menyampaikan materi pada acara Medan Investor Meeting & Connectivity yang membahas profil perusahaan, aplikasi mobile, target ESG, dan performa finansial"
7/29/2025,BBCA,Laporan Pengalihan Kembali Saham Hasil Buy Back [],BBCA melaporkan pengalihan kembali saham hasil buyback dengan jumlah saham hasil buy back yang belum dialihkan sebanyak 28.317.500 saham
7/30/2025,BBCA,Penyampaian Laporan Keuangan Interim Yang Tidak Diaudit [],"Laporan Keuangan Interim BBCA menunjukkan pendapatan sebesar Rp49,313,964 juta, laba periode berjalan sebesar Rp30,027,910 juta dan total aset sebesar Rp1,504,118,975 juta"
7/30/2025,BBCA,"Penyampaian Press Release terkait Informasi Ringkasan Kinerja Keuangan Semester I Tahun Ini (unaudited) PT Bank Central Asia Tbk (""Perseroan"") []",BBCA menyampaikan press release terkait informasi ringkasan kinerja keuangan paruh pertama tahun ini
7/31/2025,BBCA,Penyampaian Bukti Iklan Informasi Laporan Keuangan Interim [],BBCA menyampaikan bukti iklan informasi laporan keuangan interim melalui media situs web perseroan dan IDX
8/6/2025,BBCA,Laporan Bulanan Registrasi Pemegang Efek [],Laporan Bulanan Registrasi Pemegang Efek BBCA menunjukkan kenaikan pemegang saham sebanyak 27.678 pemegang
8/15/2025,BBCA,Laporan Kepemilikan atau Setiap Perubahan Kepemilikan Saham Perusahaan Terbuka [],BBCA melaporkan perubahan kepemilikan saham seorang komisaris yang menjual 1.000.000 saham dengan alasan diversifikasi portofolio
8/20/2025,BBCA,Penjelasan atas Pemberitaan Media Massa [],BBCA memberikan klarifikasi atas pemberitaan mengenai kasus akuisisi 51% saham BCA
8/27/2025,BBCA,Rencana Penyelenggaraan Public Expose - Tahunan [],BBCA menyampaikan rencana penyelenggaraan public expose tahunan yang akan dilakukan dalam bulan mendatang yang membahas presentasi perusahaan dan konferensi pers
9/2/2025,BBCA,Laporan Kepemilikan atau Setiap Perubahan Kepemilikan Saham Perusahaan Terbuka [],"BBCA melaporkan keterbukaan informasi pemegang saham tertentu terkait pembelian 62.500 saham oleh seorang komisaris pada harga 7.975, dengan kepemilikan sebelum dan sesudah transaksi tetap 0,03% secara langsung."
9/8/2025,BBCA,Penyampaian Materi Public Expose - Tahunan [],"BBCA menyampaikan materi public expose tahunan sebagai lampiran, tanpa merinci dampak material terhadap operasional, hukum, kondisi keuangan, atau kelangsungan usaha."
9/9/2025,BBCA,Laporan Bulanan Registrasi Pemegang Efek [],"BBCA melaporkan laporan bulanan registrasi pemegang efek dengan total saham 123.275.050.000, free float 42,89%, dan jumlah pemegang saham 522.914."
9/10/2025,BBCA,Laporan Kepemilikan atau Setiap Perubahan Kepemilikan Saham Perusahaan Terbuka [],"BBCA melaporkan keterbukaan informasi pemegang saham tertentu terkait pembelian 66.000 saham oleh seorang komisaris pada harga 7.575, dengan kepemilikan setelah transaksi 34.933.644 saham atau 0,03%."
9/12/2025,BBCA,Penjelasan atas Pemberitaan Media Massa [],BBCA memberikan penjelasan atas pemberitaan media terkait dugaan pembobolan rekening dana nasabah sekuritas dan investigasi otoritas.
9/16/2025,BBCA,Laporan Hasil Public Expose - Tahunan [],BBCA menyampaikan hasil public expose tahunan yang dihadiri 190 peserta di luar manajemen dan karyawan.
10/3/2025,BBCA,Laporan Bulanan Registrasi Pemegang Efek [],Laporan Bulanan Registrasi Pemegang Efek BBCA menunjukkan kenaikan jumlah pemegang saham sebanyak 89.259 pemegang
10/6/2025,BBCA,Laporan Kepemilikan atau Setiap Perubahan Kepemilikan Saham Perusahaan Terbuka [],"BBCA melaporkan perubahan kepemilikan saham oleh direksi yang membeli sejumlah 0,003% saham untuk investasi"
10/20/2025,BBCA,Rencana Pembelian Kembali Saham dalam Kondisi Pasar yang Berfluktuasi secara Signifikan [],BBCA melaporkan fakta material terkait rencana pembelian kembali saham perseroan dalam kondisi pasar yang berfluktuasi secara signifikan
10/20/2025,BBCA,Penyampaian Laporan Keuangan Interim Yang Tidak Diaudit [],"Laporan keuangan BBCA yang tidak diaudit menunjukkan kinerja keuangan solid dengan perolehan laba bersih mencapai Rp43,41 triliun. Sepanjang periode tersebut, pendapatan bunga perseroan tercatat sebesar Rp73,99 triliun. Selain itu, total aset BCA tumbuh dan mencapai Rp1.538,50 triliun pada akhir periode tersebut"
10/20/2025,BBCA,Penyampaian Materi pada Acara Indonesia Day [],BBCA melaporkan fakta material terkait penyampaian materi presentasi perseroan pada acara Indonesia Day yang diselenggarakan di Singapura
10/20/2025,BBCA,"Penyampaian Press Release terkait Informasi Ringkasan Kinerja Keuangan Kuartal III (unaudited) PT Bank Central Asia Tbk (""Perseroan"") []",BBCA melaporkan fakta material terkait penyampaian siaran pers mengenai ringkasan kinerja keuangan tidak diaudit perseroan untuk kuartal III
10/21/2025,BBCA,Penyampaian Bukti Iklan Informasi Laporan Keuangan Interim [],BBCA menyampaikan penyampaian bukti iklan atas Informasi Laporan Keuangan Interim perseroan untuk posisi kuartal III yang dipublikasikan melalui situs web resmi perusahaan dan Bursa Efek Indonesia
11/6/2025,BBCA,Laporan Bulanan Registrasi Pemegang Efek [],"Laporan Bulanan Registrasi Pemegang Efek BBCA menunjukkan penurunan kepemilikan saham oleh seorang direksi sebanyak 100.000 saham, kenaikan kepemilikan saham Scripless dan saham treasury sebesar 0,001% dan penurunan jumlah pemegang saham sebesar 26.230 pemegang"
11/21/2025,BBCA,Penyampaian Laporan Tahunan & Keberlanjutan dan ESG [],"BBCA menyampaikan Laporan Tahunan & Keberlanjutan dan ESG yang memaparkan konsumsi sumber daya, emisi, kondisi lingkungan kerja dan tinjauan kinerja, kondisi finansial serta laporan manajemen"
11/24/2025,BBCA,Jadwal Dividen Tunai Interim [],BBCA memberikan jadwal dividen tunai interim dengan nilai Rp6.777.085.612.000 dan jumlah dividen per saham sebesar Rp55
12/5/2025,BBCA,Laporan Bulanan Registrasi Pemegang Efek [],"Laporan Bulanan Registrasi Pemegang Efek BBCA menunjukkan penurunan pemegang saham sebanyak 16.061 pemegang (dari 585.943 menjadi 569.882) dengan free float 42,87%."
12/18/2025,BBCA,Pembelian saham PT Penyelesaian Transaksi Elektronik Nasional  [],"BBCA menyampaikan informasi material terkait pembelian saham PT Penyelesaian Transaksi Elektronik Nasional, yang tidak berdampak material terhadap operasional, hukum, kondisi keuangan, dan kelangsungan usaha Perseroan."